Línea ,Lin_desc,MARCA  ,Clave ,Descripción ,MEDIDAS  ,UNIDAD DE MEDIDA,EQUIVALENCIA  ,DESCRIPCION LARGA  ,Tipo de elemento ,Clave alterna 
99,SIN REGISTRO,SIN REGISTRO,0,SIN REGISTRO,,,,,,
4,BALERO DOBLE,SKF,VKBC20062,BALERO DOBLE VW GOLF JETTA A2 85/88 RD,35X66X37,,544307,BALERO SKF DOBLE RUEDA DELANTERA VW GOL 09/12 DERBY 96/00 GOLF JETTA 1.6 1.8 LTS 85/87 ANTES BAH0023 = SYD 544307S,Producto,
4,BALERO DOBLE,SKF,VKBC20027,BALERO DOBLE FORD FOCUS 00/ ECOSPORT 0/4,29X53X37,,801023 BTH1206AB,BALERO SKF DOBLE RUEDA TRASERA FORD ECOSPORT 03/09 ANTES BTH1206AB = BTH1206AB/VK210 GRW239 SYD 801023S TMK 801023ABROD,Producto,7.32E+12
4,BALERO DOBLE,SKF,VKBC20024,BALERO DOBLE NISSAN TSURU III 92/15 RD,38X74X36,,574795 4021050Y00,BALERO SKF DOBLE RUEDA DELANTERA NISSAN TSURU III TSUBAME 95/05 ANTES BAH0041 = SYD 574795S TMK 4021050Y00,Producto,
4,BALERO DOBLE,SKF,VKBC20023,BALERO DOBLE VW JETTA GOLF 89/99 DERBY 9,40X72X37,,566719,BALERO SKF DOBLE RUEDA DELANTERA VOLKSWAGEN GOLF JETTA A3 1993/1998 SEAT IBIZA CORDOBA ANTES BAHB311443 = SYD 566719S TMK 566719B,Producto,
4,BALERO DOBLE,SKF,VKBC20012,BALERO DOBLE VW CARIBE 79/86 AVEO 08/,34X64X37,,803647 532066,BALERO SKF DOBLE RUEDA DELANTERA VW CARIBE ATLANTIC 77/86 JETTA 80/84 AVEO 08/15 PONTIAG G3 07/08 ANTES 309726 = SYD 532066S,Producto,
4,BALERO DOBLE,SKF,VKBC20004,BALERO DOBLE NISSAN PLATINA 02/10 CLIO 0,37X72X37,,579794,BALERO SKF DOBLE RUEDA DELANTERA NISSAN PLATINA APRIO RENAULT CLIO 05/09 SCENIC MEGANE 95/02 ANTES BAH0012AA = BAH0012AD/VK210 TMK 4021000QAA,Producto,
4,BALERO DOBLE,TMK,TMFC41645,BALERO DOBLE RENAULT LOGAN 15 DUSTER 13/,30X62X48,,,BALERO TMK DOBLE RUEDA TRASERA RENAULT DUSTER 13/ LOGAN 15/ SANDERO 13/ RODILLOS,Producto,
4,BALERO DOBLE,TMK,TMFC41288,BALERO DOBLE NISSAN VERSA 12/18 RT,25X55X48,,580578,BALERO TMK DOBLE RUEDA TRASERA RENAULT MEGANE SPORT,Producto,
4,BALERO DOBLE,TMK,TMFC41245,BALERO DOBLE PEUGEOT 307 05/09,25X60X45,,580468,BALERO TMK DOBLE RUEDA TRASERA PEUGEOT 307 2004/ RODILLOS,Producto,
4,BALERO DOBLE,TMK,TMFC40858,BALERO DOBLE RENAULT MEGANE II 04/09 RT,25X55X45,,,BALERO TMK DOBLE RUEDA TRASERA RENAULT MEGANE II 04/09,Producto,tmfc40858
4,BALERO DOBLE,TMK,TMFC40725,BALERO DOBLE RENAULT SCENIC 01X/04X RT,25X62X48,,,BALERO TMK DOBLE RUEDA TRASERA RENAULT SCENIC I 4 CIL 1.6 LTS 2.0 LTS 99/03 RODILLOS,Producto,
4,BALERO DOBLE,TMK,TMDU2753,BALERO DOBLE GM CORSA 03/08 RT,27X53X43,,DU2753,BALERO TMK DOBLE RUEDA TRASERA CHEVROLET CORSA 2003/,Producto,tmdu2753
4,BALERO DOBLE,TMK,TMDT2555,BALERO DOBLE NISSAN VERSA MARCH 12/15 NO,25X55X48,,DT2555,BALERO TMK DOBLE RUEDA TRASERA NISSAN VERSA MARCH 2012/ NOTE 2014/ RODILLOS ANTES TMDB2555,Producto,
4,BALERO DOBLE,TMK,TMDB4988,BALERO DOBLE VW AMAROK 12/19 DISEL,,,101914,,Producto,
4,BALERO DOBLE,TMK,TMDB3564E,BALERO DOBLE MITSUBISHI MIRAGE 13/15 ABS,,,2206009,,Producto,
4,BALERO DOBLE,TMK,TMDB2858,BALERO DOBLE SUZUKI SWIT 07/16 RT,28X58X44,,TMDB2858,BALERO TMK DOBLE RUEDA TRASERO SUZUKI SWIFT 07/15,Producto,
4,BALERO DOBLE,TMK,TMDAC458541,BALERO DOBLE FORD DODGE RAM 1500 RD,45X85X41,,458541,,Producto,
4,BALERO DOBLE,TMK,TMDAC4075,BALERO DOBLE TOYOTA YARIS 05/12 RD,40X75X39,,101755,BALERO TMK DOBLE RUEDA DELANTERA TOYOTA PRIUS 1.8 LTS 12/15 YARIS 1.3 LTS 04/09 SEDAN 1.5 LTS 10/12,Producto,
4,BALERO DOBLE,TMK,TMDAC377233,BALERO DOBLE PEUGEOT 206 98/04,37X72X37,,,,Producto,dac377233
4,BALERO DOBLE,TMK,TM9036340071,BALERO DOBLE TOYOTA HIACE 06/15 RT,40X94X26,,101841 FAG,BALERO TMK DOBLE RUEDA TRASERA TOYOTA HIACE 05/08 SIN BASE = 9036340071/DG4094W12,Producto,9036340071
4,BALERO DOBLE,TMK,TM9036340068,BALERO DOBLE TOYOTA HILUX  TACOMA 95/04,40X90X23,,,BALERO TMK DOBLE RUEDA TRASERA TOYOTA HILUX HIACE 4RUNNER 96/02 TACOMA 95/04,Producto,
4,BALERO DOBLE,TMK,TM9004A36087,BALERO DOBLE TOYOTA AVANZA 07/14 RD,30X62X38,,102643,BALERO TMK RUEDA DELANTERA TOYOTA AVANZA 4 CIL 1.5 LTS 2007/ = 30BWD10,Producto,
4,BALERO DOBLE,TMK,TM805699,BALERO DOBLE VW VENTO 11/ GOL 15/ C/ABS,,,2226011 805699 801663,,Producto,
4,BALERO DOBLE,TMK,TM803837,BALERO DOBLE RENAULT KANGOO 04/ LOGAN,25X55X43,,,"BALERO TMK DOBLE RUEDA TRASERA RENAULT KANGOO 1.6 LTS 04/ MERCEDES BENZ CLASE A 00/ RODILLO",Producto,
4,BALERO DOBLE,TMK,TM803775,BALERO DOBLE GM CORSA MERIVA TORNADO 02/,34X66X37,,803775,BALERO TMK DOBLE RUEDA DELANTERA CHEVROLET CORSA MERIVA TORNADO PONTIAC MATIZ 02/07 = SKF BAH0200,Producto,tm803775
4,BALERO DOBLE,TMK,TM801663,BALERO DOBLE FORD FOCUS ECOSPORT FIESTA,39X72X37,,801663,BALERO TMK DOBLE RUEDA DELANTERA FORD FOCUS ECOSPORT 2000/ C/ABS = SKF BAH0106DX C/IMAN MAS ANCHO QUE BAH0106D,Producto,
4,BALERO DOBLE,TMK,TM801136,BALERO DOBLE VW GOLF JETTA A4 99/07 RD,40X74X40,,559493,BALERO TMK DOBLE RUEDA DELANTERA VW GOLF JETTA A4 1999/ BEETLE 1998/ DERBY 2002/ = SKF BAH0049 40BWD06 801136,Producto,
4,BALERO DOBLE,TMK,TM801023AB,BALERO DOBLE FORD FOCUS 00/ ECOSPORT 0/4,29X53X37,,801023,BALERO TMK DOBLE RUEDA TRASERA FORD FIESTA FOCUS 2000/ FIESTA 98/01 ECOSPORT 2004/ = DAC29530037 BTH1206AA 801023S,Producto,801023ab
4,BALERO DOBLE,TMK,TM636096A,BALERO DOBLE GM OPTRA AVEO VECTRA 06/10,39X74X39,,579557 2203002,BALERO TMK DOBLE RUEDA DELANTERA CHEVROLET AVEO 1.5 LTS 18/ OPTRA VECTRA 1999/04 = SKF BAHB636096,Producto,
4,BALERO DOBLE,TMK,TM633967,BALERO DOBLE FIAT PALIO 1.6 L 04/07 RD,35X68X37,,633967,BALERO TMK DOBLE RUEDA DELANTERA FIAT PALIO 4 CIL 1.6 LTS 04/07,Producto,
4,BALERO DOBLE,TMK,TM580400,BALERO DOBLE GM CHEVY 94/08 34X66X37 RD,34X66X37,,580400,BALERO TMK DOBLE RUEDA DELANTERA CHEVROLET CHEVY TODOS = 580400A,Producto,tm580400
4,BALERO DOBLE,TMK,TM579943,BALERO DOBLE VW SHARA ALHAMBRA 01/08,43X80X38,,2226004,BALERO TMK DOBLE RUEDA DELANTERA TRASERA VW SHARAN 4 CIL 1.8 LTS SEAT ALHAMBRA 2002/,Producto,tm579943
4,BALERO DOBLE,TMK,TM579102A,BALERO DOBLE FORD WINDSTAR 95/00 TAURUS,42X76X39,,579102,BALERO TMK DOBLE RUEDA DELANTERA FORD TAURUS 86/93 WINDSTAR 95/00 CHRYSLER NEON 04/06 = SKF FW115,Producto,
4,BALERO DOBLE,TMK,TM57410SLM29710,BALERO DOBLE DODGE ATOS DEL 00/01 1.0 RD,38X65X21,,38KW01CG(FAG) 2206004(SYD),BALERO CONICO DODGE ATOS DEL 00/01 1.0,Producto,
4,BALERO DOBLE,TMK,TM566719B,BALERO DOBLE VW JETTA GOLF 89/99 DERBY 9,40X72X37,,566719,BALERO TMK DOBLE RUEDA DELANTERA VW GOLF JETTA A3 88/89 DERBY 4 CIL 1.8 LTS 95/01 NUEVO ANCHO = SKF BAHB311443,Producto,tm566719b
4,BALERO DOBLE,TMK,TM564725A,BALERO DOBLE VW EUROVAN 92/03 RD,45X80X45,,564725AB,BALERO DOBLE VW EUROVAN DEL/TRAS,Producto,tm564725ab
4,BALERO DOBLE,TMK,TM559494,BALERO DOBLE FORD CONTOUR MYSTIQUE 98/01,40X75X37,,805971,BALERO TMK DOBLE RUEDA DELANTERA FORD MYSTIQUE CONTOUR MONDEO 95/00 = TMK559494 SKF BAHB633966,Producto,tm559494
4,BALERO DOBLE,TMK,TM559431,BALERO DOBLE FORD EXPLORER 02/05 AVIATOR,47X85X45,,559431,BALERO TMK DOBLE RUEDA TRASERA FORD EXPLORER 02/05 LINCOLN AVITOR 03/05 MERCURY MOUNTAINEER 02/08 = SKF GRW259,Producto,tm559431
4,BALERO DOBLE,AMB,TM559225,BALERO DOBLE TOYOTA HONDA RD,,,,BALERO DOBLE TOYOTA HONDA,Producto,559225
4,BALERO DOBLE,TMK,TM555801,BALERO DOBLE DODGE NEON 00/01 PT CRUISER,42X76X33,,101751,BALERO TMK DOBLE RUEDA DELANTERA CHRYSLER NEON 00/04,Producto,
4,BALERO DOBLE,TMK,TM555800,BALERO DOBLE DODGE NEON 95/99 RD,40X76X33,,102413,BALERO TMK DOBLE RUEDA DELANTERA CHRYSLER NEON 94/99 = TMK555800,Producto,tm555800
4,BALERO DOBLE,TMK,TM548083,BALERO DOBLE PUEGEOT 306  01/02 PARTNER,38X72X33,,,BALERO TMK DOBLE RUEDA DELANTERA PEUGEOT 306 4 CIL 1.8 LTS 2.0 LTS 01/02 PARTNER 1.6 LTS 2003/,Producto,
4,BALERO DOBLE,TMK,TM547059A,BALERO DOBLE DODGE DART K LEBARON 84/90,42X76X40,,547059,BALERO TMK DOBLE RUEDA DELANTERA CHRYSLER SERIES K 1984/ NEW YORKER 87/89 SHADOW 2.2 LTS 87/90 ALTO = SKF BAHB309796,Producto,
4,BALERO DOBLE,TMK,TM544307D,BALERO DOBLE VW GOLF JETTA A2 85/88 RD,35X66X37,,544307D,BALERO TMK DOBLE RUEDA DELANTERA VW GOLF JETTA 87/88,Producto,tm544307d
4,BALERO DOBLE,TMK,TM542186A,BALERO DOBLE VW POINTER GOL 09/FOCUS FIE,39X72X37,,803646,BALERO TMK DOBLE RUEDA DELANTERA VW POINTER TODOS GOL 2009/ FORD FIESTA FOCUS CHEVROLET ASTRA = SKF BAHB311396,Producto,tm542186a
4,BALERO DOBLE,TMK,TM540733,BALERO DOBLE FORD TOPAZ  84/94 VW CORSAR,39X68X37,,713002710,BALERO TMK DOBLE RUEDA DELANTERA FORD TOPAZ VW CORSAR = SKF BAHB311315,Producto,
4,BALERO DOBLE,TMK,TM539166AB,BALERO DOBLE DODGE DART K 82/83 BAJO RD,40X76X33,,"539166(TMK,SYD)",BALERO TMK DOBLE RUEDA DELANTERA CHRYSLER DART K 82/83 BAJO,Producto,
4,BALERO DOBLE,TMK,TM532066DA,BALERO DOBLE VW CARIBE 79/86 AVEO 08/,34X64X37,,532066 803647,BALERO TMK DOBLE RUEDA DELANTERA VW ATLANTIC CARIBE TODOS CHEVROLET AVEO 2008/ PONTIAC G3 07/08 = 34BWD11 = VKBC20012,Producto,tm532066da
4,BALERO DOBLE,TMK,TM5172002000,BALERO DOBLE DODGE ATOS 02/ VERNA 04/06,38X70X37,,5172002000,BALERO TMK DOBLE RUEDA DELANTERA CHRYSLER HYUNDAI ATOS 2002/ VERNA 2004/06 I10 12/14 ATTITUDE 06/14,Producto,
4,BALERO DOBLE,TMK,TM517011,BALERO DOBLE TOYOTA TACOMA 95/04 4RUNNER,54X96X51,,102405,BALERO TMK DOBLE RUEDA DELANTERA TOYOTA TACOMA 98/04 4RUNNER 96/02 TUNDRA 96/05 RODILLOS = SKF FW189,Producto,
4,BALERO DOBLE,TMK,TM513106,BALERO DOBLE BMW 318/320/325 88/7,42X75X37,,2202001,BALERO TMK DOBLE RUEDA DELANTERA BMW 318I 91/99 320I 92/05 323I 92/05 325I 87/06 328I 96/09 Z4 04/08 = GRW140,Producto,
4,BALERO DOBLE,TMK,TM513073,BALERO DOBLE PUEGEOT PARTNER 04/18,42X82X36,,513073,BALERO TMK DOBLE RUEDA DELANTERA PEUGEOT PARTNER 99/02 206 97/04 306 98/00 307 03/06 = SKF BAH0185D,Producto,tm513073
4,BALERO DOBLE,TMK,TM513057,BALERO DOBLE FORD PROBE MAZDA 626 88/92,42X72X38,,513057,BALERO TMK DOBLE RUEDA DELANTERA FORD PROBE 89/92 MAZDA 88/92 = SKF BTHB1866047A,Producto,513057
4,BALERO DOBLE,TMK,TM513036,BALERO DOBLE DODGE COLT VISTA 85/91 RD,40X80X36,,513036,BALERO TMK DOBLE RUEDA DELANTERA CHRYSLER COLT VISTA 85/91 SUMMIT 92/96,Producto,
4,BALERO DOBLE,TMK,TM511037,BALERO DOBLE NISSAN  X-TRAIL 01/06 RT,38X79X45,,101826,BALERO TMK DOBLE RUEDA TRASERA NISSAN XTRAIL 4X2 02/07,Producto,tm511037
4,BALERO DOBLE,TMK,TM510125,BALERO DOBLE KIA RIO 12/17,,,510125,,Producto,
4,BALERO DOBLE,TMK,TM510092,BALERO DOBLE HONDA ODYSSEY 05/08 CR-V 07,51X91X44,,101819,BALERO TMK DOBLE RUEDA DELANTERA HONDA ODYSSEY 05/06 CRV 07/10 ACURA RDX 07/10 C/ABS = 51BWD01A,Producto,tm510092
4,BALERO DOBLE,TMK,TM510090,BALERO DOBLE DODGE CALIBER JEEP PATRIO R,43X80X40,,510090 101812,BALERO DOBLE HONDA ODYSSEY DEL,Producto,
4,BALERO DOBLE,TMK,TM510079,BALERO DOBLE MITSUBISHI OUTLADER LANCER,45X80X40,,101809,BALERO TMK DOBLE RUEDA DELANTERA MITSUBISHI LANCER OUTLANDER 02/06 = SKF FW34,Producto,
4,BALERO DOBLE,TMK,TM510077A,BALERO DOBLE SUZUKI SWIFT 12/17 ABS,,,TM510077A,,Producto,
4,BALERO DOBLE,TMK,TM510074,BALERO DOBLE HONDA CRV 02/06 C/ABS RD,45X84X72,,101641,BALERO TMK DOBLE RUEDA DELANTERA HONDA CRV 02/11 C/ABS = SKF FW38 NSK 45BWD12,Producto,tm510074
4,BALERO DOBLE,TMK,TM510073,BALERO DOBLE HONDA ACCORD ACURA 03/08 RD,48X86X42,,2209005,BALERO TMK DOBLE RUEDA DELANTERA HONDA ACCORD DX EX ACURA TL TSX 03/08 = 48BWD02 SKF FW48,Producto,tm510073
4,BALERO DOBLE,TMK,TM510072,BALERO DOBLE FORD ESCAPE 4X2 01/05 RD,42X78X45,,102416,BALERO TMK DOBLE RUEDA DELANTERA FORD ESCAPE 4X2 4X4 01/05 = SKF BAH0069,Producto,
4,BALERO DOBLE,TMK,TM510070,BALERO DOBLE TOYOTA COROLLA 03/06 MATRIX,40X74X42,,101703,BALERO TMK DOBLE RUEDA DELANTERA TOYOTA COROLLA 00/06 CELICA 00/04 MATRIX 03/06 PRIUS 03/05 = SKF FW188,Producto,tm 510070
4,BALERO DOBLE,TMK,TM510063,BALERO DOBLE FORD EDGE 07/14 RD,45X84X45,,101732,BALERO TMK DOBLE RUEDA DELANTERA TOYOTA SIENNA 04/08 CAMRY 04/08 AVALON 95/08 SOLARA 04/08 = 45BWD10CA86 SKF FW50,Producto,
4,BALERO DOBLE,TMK,TM510059,BALERO DOBLE HONDA LANDCRUSIER 98/04 RD,48X89X42,,102415,BALERO TMK DOBLE RUEDA DELANTERA HONDA ODYSSEY 99/04 TOYOTA LAND CRUISER 98/04 = 48BWD01,Producto,tm510059
4,BALERO DOBLE,TMK,TM510039,BALERO DOBLE HONDA ACCORD 96/02 CRV 96/0,45X84X42,,101641,BALERO TMK DOBLE RUEDA DELANTERA HONDA CRV 97/06 PILOT 03/05 ACCORD 98/02 PRELUDE 97/01,Producto,510039
4,BALERO DOBLE,TMK,TM510030,BALERO DOBLE HONDA CIVIC 92/05,43X79X41,,2209001,BALERO TMK DOBLE RUEDA DELANTERA HONDA CIVIC DX EK EX HX LX 97/05 = 43BWD08,Producto,
4,BALERO DOBLE,TMK,TM510015,BALERO DOBLE HONDA CIVIC 92/00 CRV 02/06,38X73X40,,,BALERO TMK DOBLE RUEDA DELANTERA HONDA CIVIC 92/00 CRV 02/03 =TMK510015 SKF FW152,Producto,
4,BALERO DOBLE,TMK,TM510012A,BALERO DOBLE TOYOTA AVANZA 12/15 C/ABS R,38X70X38,,510012,BALERO TMK DOBLE RUEDA DELANTERA TOYOTA AVANZA 15/ C/ABS ENCODER 38X70X38,Producto,
4,BALERO DOBLE,TMK,TM510010A,BALERO DOBLE FORD FUSION MILAN 06/08 RD,42X80X45,,510010A 102421-2208006,BALERO TMK DOBLE RUEDA DELANTERA FORD FUSION MERCURY MILAN 06/08 PROBE 93/97 MAZDA 6 03/04 C/ABS,Producto,tm510010a
4,BALERO DOBLE,TMK,TM510006,BALERO DOBLE TOYOTA SIENNA 98/03 RAV-4 R,43X82X45,,101076,BALERO TMK DOBLE RUEDA DELANTERA TOYOTA SIENNA 98/03 RAV4 01/05 AVALON 95/04 CAMRY 92/03 SOLARA 99/03 = SKF FW153,Producto,
4,BALERO DOBLE,TMK,TM510001,BALERO DOBLE SUSUKI SWIF 89/94 RD,36X38X33,,,BALERO TMK DOBLE RUEDA DELANTERA SUZUKI SWIFT 89/94 FORSA 87/88 CHEVROLET SPRINT TURBO 89/90,Producto,
4,BALERO DOBLE,TMK,TM43210VW100,BALERO DOBLE NISSAN URVAN 07/ PATHFINDER,40X80X38,,,BALERO TMK DOBLE RUEDA TRASERA NISSAN URVAN 2007/ PATTHFINDER 97/04,Producto,
4,BALERO DOBLE,TMK,TM4321050A05,BALERO DOBLE NISSAN TSURU II 88/91 RT,27X52X45,,801437,BALERO TMK DOBLE RUEDA TRASERA NISSAN TSURU II 88/91 = 801437A,Producto,tm43210'50a05
4,BALERO DOBLE,TMK,TM4321000QAA,BALERO DOBLE NISSAN PLATINA CLIO GM AVEO,37X72X37,,546467,BALERO TMK DOBLE RUEDA TRASERA NISSAN PLATINA RENAULT CLIO 2001/,Producto,tm43210'00qaa
4,BALERO DOBLE,TMK,TM40210QUEST,BALERO DOBLE NISSAN QUEST 93/02 RD,47X81X53,,102412,BALERO TMK DOBLE RUEDA DELANTERA NISSAN QUEST 93/02,Producto,tm40210'quest
4,BALERO DOBLE,TMK,TM4021050Y00,BALERO DOBLE NISSAN TSURU III 92/15 RD,38X74X36,,574795,BALERO TMK DOBLE RUEDA DELANTERA NISSAN TSURU III 1992/ = 574795A SKF BAH0041,Producto,TM40210-50Y00
4,BALERO DOBLE,TMK,TM4021050A05,BALERO DOBLE NISSAN TSURU II 88/91 RD,38X74X50,,559192,BALERO TMK DOBLE RUEDA DELANTERA NISSAN TSURU II 88/91 = 559192 SKF FW116,Producto,tm40210'50a05
4,BALERO DOBLE,TMK,TM402104Z000,BALERO DOBLE NISSAN SENTRA 01/06 ALMERA,40X74X36,,101730,BALERO TMK DOBLE RUEDA DELANTERA NISSAN SENTRA B15 2001/ = 40BWD15,Producto,tm40210'4z000
4,BALERO DOBLE,TMK,TM4021030RR0,BALERO DOBLE NISSAN ALTIMA 90/01 MAXIMA,42X76X38,,101032,BALERO TMK DOBLE RUEDA DELANTERA NISSAN ALTIMA 90/01 MAXIMA 90/99 DE RODILLO = SKF BAH0040,Producto,tm40210'30rr0
4,BALERO DOBLE,TMK,TM402102Y000,BALERO DOBLE NISSAN X TRAIL ALTIMA 02/07,43X76X43,,101788X402102Y00,BALERO TMK DOBLE RUEDA DELANTERA NISSAN XTRAIL 02/07 MAXIMA 00/05 ALTIMA 00/07 = SKF FW60,Producto,tm40210'2y000
4,BALERO DOBLE,TMK,TM402101LZ44,BALERO DOBLE NISSAN FRNTIER X TERRA 00/0,,,513246,,Producto,
4,BALERO DOBLE,TMK,TM4021000QAA,BALERO DOBLE NISSAN PLATINA CLIO GM AVEO,37X72X37,,579794,BALERO TMK DOBLE RUEDA DELANTERA NISSAN PLATINA 2001/ = SKF BAH0094 KIT VKBA3596,Producto,tm40210'00qaa
4,BALERO DOBLE,TMK,TM391315,BALERO DOBLE DODGE ASPEN NITRO 07/09 RT,,,391315,,Producto,
4,BALERO DOBLE,SERVICE LINE,SNR40650,BALERO DOBLE GM CORSA 03/08 RT,27X53X43,,DU2753,BALERO DOBLE TRASERO GM CORSA,Producto,DU2753SI
4,BALERO DOBLE,SKF,GRW40,BALERO DOBLE NISSAN VERSA 11/13 RT,25X55X48,,DT2555,BALERO SKF DOBLE RUEDA TRASERA NISSAN VERSA 11/13,Producto,85311503822
4,BALERO DOBLE,MBS,DG4094W12,BALERO DOBLE TOYOTA HIACE 06/15 RT,40X94X26,,,BALERO MBS RUEDA TRASERA TOYOTA HIACE 2005/ 9036340071,Producto,DG4094W
4,BALERO DOBLE,AMB,DE0565,BALERO DOBLE NISSAN TSURU AMERICANO,,,,BALERO DOBLE NISSAN TSURU DEL,Producto,
4,BALERO DOBLE,SERVICE LINE,DAC45850051,BALERO DOBLE FORD F150 LOBO 04/08 RD,45X85X51,,2208005 TMDAC4585,BALERO DOBLE FORD LOBO 07/10 DEL,Producto,
4,BALERO DOBLE,SERVICE LINE,DAC43760043,BALERO DOBLE NISSAN X TRAIL ALTIMA 02/07,43X76X43,,402102Y000 402102Y000 FW60 510060,BALERO DOBLE NISSAN XTRAL ALTIMA DEL,Producto,
4,BALERO DOBLE,SERVICE LINE,DAC42780045,BALERO DOBLE FORD ESCAPE 4X2 01/05 RD,42X78X45,,510072,BALERO DOBLE FORD ESCAPE 01/05 DEL,Producto,dac42780045
4,BALERO DOBLE,SERVICE LINE,DAC4276004037,BALERO DOBLE DODGE DART K LEBARON 84/90,42X76X40,,547059A,BALERO DAR-K 547059,Producto,547059ASI
4,BALERO DOBLE,SERVICE LINE,DAC42760039,BALERO DOBLE DODGE NEON 02/05 PT CRUSIER,42X76X39,,579102A,BALERO DOBLE SERV RUEDA DEL CHRYSLER,Producto,
4,BALERO DOBLE,SERVICE LINE,DAC42760033,BALERO DOBLE DODGE NEON 00/01 PT CRUISER,42X76X33,,555801,BALERO DOBLE NEON 00/03 SERVICE,Producto,555801SI
4,BALERO DOBLE,SERVICE LINE,DAC40760033,BALERO DOBLE DODGE NEON 95/99 RD,40X76X33,,579102A,BALERO DOBLE SERVICE RUEDA DEL CHRYSLER,Producto,555800SI
4,BALERO DOBLE,SERVICE LINE,DAC40750037,BALERO DOBLE FORD FUSION MILAN 06/08 RD,42X80X45,,510010A 10241,BALERO DOBLE FORD JAGUAR DEL,Producto,
4,BALERO DOBLE,SERVICE LINE,DAC40740040,BALERO DOBLE VW GOLF JETTA A4 99/07 RD,40X74X40,,801136 559493 559493SI,BALERO DOBLE  VW GOLF DEL,Producto,559493SI
4,BALERO DOBLE,SERVICE LINE,DAC40740036,BALERO DOBLE NISSAN SENTRA 01/06 ALMERA,40X74X36,,402104Z00,BALERO DOBLE NISSAN SENTRA 01/06 DEL,Producto,
4,BALERO DOBLE,SERVICE LINE,DAC40720037,BALERO DOBLE VW JETTA GOLF 89/99 DERBY 9,40X72X37,,566719,BALERO DOBLE VW GOLF JETTA  A2 A3 88/99,Producto,566719SI
4,BALERO DOBLE,SERVICE LINE,DAC39720037,BALERO DOBLE VW POINTER GOL 09/FOCUS FIE,39X72X37,,803646 542186,BALERO DOBLE  FORD FIESTA  DEL,Producto,542186ASI
4,BALERO DOBLE,SERVICE LINE,DAC39680037,BALERO DOBLE FORD TOPAZ  84/94 VW CORSAR,39X68X37,,540733,BALERO DOBLE FORD TOPAZ DEL,Producto,540733BASI
4,BALERO DOBLE,SERVICE LINE,DAC3874003633,BALERO DOBLE NISSAN TSURU III 92/15 RD,38X74X36,,574795,BALERO DOBLE NISSAN TSUIII 92/09 DEL,Producto,574795ASI
4,BALERO DOBLE,SERVICE LINE,DAC381070037,BALERO DOBLE DODGE ATOS 02/ VERNA 04/06,38X70X37,,5172002000 805841B(FAG),BALERO DOBLE DODGE ATOS 02/09 DEL,Producto,5172002000SI
4,BALERO DOBLE,SERVICE LINE,DAC37720037,BALERO DOBLE NISSAN PLATINA 02/10 CLIO 0,72X37X37,,579794,BALERO DOBLE NISSAN PLATINA,Producto,4021000QAASI
4,BALERO DOBLE,SERVICE LINE,DAC34670037,BALERO DOBLE GM CORSA MERIVA TORNADO 02/,34X66X37,,803775,BALERO DOBLE GM CORSA TODO DEL,Producto,803775SI
4,BALERO DOBLE,SERVICE LINE,DAC34660037,BALERO DOBLE GM CHEVY 94/08 34X66X37 RD,34X66X37,,580400,BALERO DOBLE GM CHEVI DEL,Producto,580400SI
4,BALERO DOBLE,SERVICE LINE,DAC34640037,BALERO DOBLE VW CARIBE 79/86 AVEO 08/,34X64X37,,532066,BALERO DOBLE GM AVEO 08/11,Producto,532066DASI
4,BALERO DOBLE,SERVICE LINE,DAC29530037,BALERO DOBLE FORD FOCUS 00/ ECOSPORT 0/4,29X53X37,,801023,BALERO DOBLE FORD FIES 98-01,Producto,801023SI
4,BALERO DOBLE,SERVICE LINE,DAC2752004543,BALERO DOBLE NISSAN TSURU II 88/91 RT,27X52X45,,801437,BALERO DOBLE NISSAN TSURU II TRAS,Producto,801437SI
4,BALERO DOBLE,SERVICE LINE,DAC25520037,BALERO DOBLE NISSAN PLATINA 02/10 CLIO 0,72X37X37,,43210-00QAA 4321000QAA 546467FAG,BALERO DOBLE NISSAN PLATINA CLIO TRAS,Producto,4321000QAASI
4,BALERO DOBLE,SERVICE LINE,BT1B329013AQ,BALERO DOBLE FORD FIESTA CURIER 97/02 RT,,,801023,BALERO JUEGO FIEST 97/02 FO  4L,Producto,
4,BALERO DOBLE,PANTHER,BP1039,BALERO DOBLE VW JETTA GOLF 89/99 DERBY 9,40X72X37,,566719,BALERO DOBLE VW JETTA A2A3 89/99,Producto,
4,BALERO DOBLE,PANTHER,BP1036,BALERO DOBLE VW POINTER GOL 09/FOCUS FIE,39X72X37,,803646 542186,BALERO DOBLE VW POINTER,Producto,
4,BALERO DOBLE,PANTHER,BP1035,BALERO DOBLE VW CARIBE 79/86  AVEO 08/,34X64X37,,532066,,Producto,
4,BALERO DOBLE,PANTHER,BP1034,BALERO DOBLE VW GOLF JETTA A4 99/07 RD,40X74X40,,801136 559493,BALERO DOBLE VW JETTA A4,Producto,
4,BALERO DOBLE,PANTHER,BP1023,BALERO DOBLE NISSAN TSURU III 92/15 RD,38X74X36,,574795 4021050Y00,BALERO DOBLE DODGE,Producto,
4,BALERO DOBLE,PANTHER,BP1015,BALERO DOBLE HONDA CIVIC 92/05 RD,43X79X41,,510030 2209001,,Producto,
4,BALERO DOBLE,PANTHER,BP1012,BALERO DOBLE GM CORSA MERIVA TORNADO 02/,34X66X37,,803775,BALERO DOBLE GM CORSA TORNADO,Producto,
4,BALERO DOBLE,PANTHER,BP1011,BALERO DOBLE GM CORSA 03/08 RT,27X53X43,,DU2753,,Producto,
4,BALERO DOBLE,PANTHER,BP1010,BALERO DOBLE GM CHEVY 94/08 34X66X37 RD,34X66X37,,580400,BALERO DOBLE GM CHEVY DEL TODO,Producto,
4,BALERO DOBLE,TMK,9036938021,BALERO DOBLE TOYOTA YARIS 00/06 RD,38X71X31,,,BALERO DOBLE TOYOTA YARIS,Producto,TM9036938021
4,BALERO DOBLE,FAG,805949,BALERO DOBLE PEUGEOT PARTNER 04/18,42X82X36,,805949 513073,BALERO DOBLE PEUGEOT 206,Producto,9612930180
4,BALERO DOBLE,FAG,805841B,BALERO DOBLE DODGE ATOS 02/ VERNA 04/06,,,5172002000 805841,BALERO DOBLE DODGE ATOS VERNA DEL,Producto,
4,BALERO DOBLE,FAG,803775,BALERO DOBLE GM CORSA MERIVA TORNADO 02/,34X66X37,,803775,BALERO DOBLEGM CORSA 03-08 4L,Producto,4.03E+12
4,BALERO DOBLE,FAG,803647,BALERO DOBLE VW CARIBE 79/86 AVEO 08/,34X64X37,,TM532066,BALERO DOBLE LFI A1 77/87 4L RD 1.,Producto,
4,BALERO DOBLE,FAG,803646,BALERO DOBLE VW POINTER GOL 09/FOCUS FIE,39X72X37,,542186,BALERO DOBLE CHEVROLET ASTRA 00/03 DEL,Producto,4.03E+12
4,BALERO DOBLE,FAG,801663AA,BALERO DOBLE FORD FOCUS ECOSPORT FIESTA,39X72X37,,801663,BALERO DOBLE FORD FOCUS 00- DEL,Producto,4.03E+12
4,BALERO DOBLE,FAG,801136,BALERO DOBLE VW GOLF JETTA A4 99/07 RD,40X74X40,,559493,BALERO DOBLE VW GOLF 99-07 4L,Producto,4.01E+12
4,BALERO DOBLE,FAG,801023AB,BALERO DOBLE FORD FOCUS 00/ ECOSPORT 0/4,29X53X37,,801023,BALERO DOBLE FORD FOCUS 99-03 4L,Producto,
4,BALERO DOBLE,TMK,7701207677,BALERO DOBLE RENAULT MEGANE 04/09 VERSA,37X72X37,,,BALERO DOBLE RENAULT MEGANE II 04-09 DEL,Producto,TM7701207677
4,BALERO DOBLE,FAG,713006510,BALERO DOBLE FIAT PALIO RD,,,567918A,BALERO DOBLE FIAT PALIO DEL,Producto,
4,BALERO DOBLE,FAG,580578,BALERO DOBLE NISSAN VERSA 12/18 RT,25X55X48,,580578,BALERO DOBLE NISSAN VERSA 12/ TRAS,Producto,
4,BALERO DOBLE,FAG,580400CA,BALERO DOBLE GM CHEVY 94/08 34X66X37 RD,34X66X37,,580400,BALERO DOBLE GM CHEVY DEL TODO,Producto,4.01E+12
4,BALERO DOBLE,FAG,579943B,BALERO DOBLE VW SHARA ALHAMBRA 01/08,43X80X38,,579943,BALERO DOBLE VW SHARAN 02-06 DEL/TRAS,Producto,
4,BALERO DOBLE,FAG,579794DA,BALERO DOBLE NISSAN PLATINA 02/10 CLIO 0,72X37X37,,579794,BALERO DOBLE NISSAN PLATINA 02-06 DEL,Producto,
4,BALERO DOBLE,FAG,579557,BALERO DOBLE GM OPTRA AVEO VECTRA 06/10,39X74X39,,TM636096A,BALERO DOBLE GM OPTRA 06/10,Producto,4.01E+12
4,BALERO DOBLE,FAG,579102A,BALERO DOBLE FORD WINDSTAR 95/00 TAURUS,42X76X39,,579102,BALERO DOBLE FORD WINDSTAR 95-00 DEL,Producto,4.03E+12
4,BALERO DOBLE,FAG,5.75E+81,BALERO DOBLE SUZUKI SWIFT RT,,,575403,BALERO DOBLE SUZUKII SWIFT TRAS,Producto,
4,BALERO DOBLE,FAG,574795A,BALERO DOBLE NISSAN TSURU III 92/15 RD,38X74X36,,574795 4021050Y00,BALERO DOBLE NISSAN TSURU III 92/15 SENT,Producto,4.03E+12
4,BALERO DOBLE,MBS,57410SLM29710,BALERO DOBLE DODGE ATOS DEL 00/01 1.0 RD,,,38KW01CG(FAG) 2206004(SYD),BALERO CONICO DODGE ATOS DEL 00/01 1.0,Producto,
4,BALERO DOBLE,FAG,572428,BALERO DOBLE FORD FIESTA CURIER 97/02 RT,29X53X37,,,BALERO JUEGO FAG FO FIEST 01-04 4L TRA,Producto,4.03E+12
4,BALERO DOBLE,AMB,567447S,BALERO DOBLE VW PASSA 98/01 AUDI A4 97/0,,,TM510020,BALERO DOBLE VW PASSAT 89/96  6V,Producto,
4,BALERO DOBLE,FAG,566719B,BALERO DOBLE VW JETTA GOLF 89/99 DERBY 9,40X72X37,,566719,BALERO DOBLE VW GOLF 89-98 4L,Producto,4.01E+12
4,BALERO DOBLE,FAG,564725AB,BALERO DOBLE VW EUROVAN 92/03 RD,45X80X45,,564725AB,BALERO DOBLE VW EUROV 01-04 DEL/TRAS,Producto,
4,BALERO DOBLE,SERVICE LINE,559494B,BALERO DOBLE FORD CONTOUR MYSTIQUE 98/01,40X75X37,,805971,BALERO DOBLE  FORD CONTOUR 95-97 DEL,Producto,559494BSI
4,BALERO DOBLE,SERVICE LINE,559192SI,BALERO DOBLE NISSAN TSURU II 88/91 RD,38X74X50,,559192 4021050A05,BALERO DOBLE NISSAN TSURU II DEL,Producto,
4,BALERO DOBLE,FAG,555801,BALERO DOBLE DODGE NEON 00/01 PT CRUISER,42X76X33,,101751,BALERO DOBLE DODGE NEON 00/04 DEL,Producto,
4,BALERO DOBLE,SYD,555800,BALERO DOBLE DODGE NEON 94/99 RD,40X76X33,,555800,BALERO DOBLE RUEDA DELANTERA CHRYSLER NEON 95/99,Producto,
4,BALERO DOBLE,AMB,548083,BALERO DOBLE PEUGEOT 306 PARTNER 03,35X72X33,,,BALERO DOBLE PEUGEOT PARTNER  DEL,Producto,
4,BALERO DOBLE,FAG,547059,BALERO DOBLE DODGE DART K LEBARON 84/90,42X76X40,,547059,BALERO DOBLE DODGE DART K 84-85 DEL,Producto,
4,BALERO DOBLE,FAG,546467,BALERO DOBLE NISSAN PLATINA 02/10 CLIO 0,72X37X37,,4321000QAA,BALERO DOBLE NISSAN PLATINA 09 TRAS,Producto,4.01E+12
4,BALERO DOBLE,SYD,544307S,BALERO DOBLE VW GOLF JETTA A2 87/88 RD,35X66X37,,544307,BALERO DOBLE RUEDA DELANTERA VOLKSWAGEN GOLF 87/88 = SKF BAH0023,Producto,
4,BALERO DOBLE,NIKKO,516012NSB,BALERO DOBLE NISSAN PLATINA,,,4321000QAANSB,,Producto,
4,BALERO DOBLE,AMB,44300S84A02,BALERO DOBLE HONDA ACCORD 96/02 CRV 96/0,45X84X42,,510039 102414,BALERO DOBLE HONDA ACCORD 95/99 DEL,Producto,
4,BALERO DOBLE,TMK,TM416835GM,BALERO DOBLE GM TRACKER 94/00 RD,,,TM416835,BALERO DOBLE DELANTERO GM TRACKER,Producto,
4,BALERO DOBLE,TMK,416835,BALERO DOBLE GM TRACKER 94/00 RD,41X68X40,,TM416835,BALERO DOBLE CHEVROLET TRACKER 89/00 DEL,Producto,TM416835
4,BALERO DOBLE,NIKKO,4021050Y00SFT,BALERO DOBLE NISSAN TSURU III 92/15 RD,38X74X36,,574795,,Producto,
4,BALERO DOBLE,NSK,32BW01A,BALERO DOBLE TOYOTA AVANZA 07/11 TRA,,,101918,BALERO NSK DOBLE RUEDA TRASERA TOYOTA AVANZA 07/11 = 32BW01ACG38,Producto,
4,BALERO DOBLE,NSK,30BWD10A,BALERO DOBLE TOYOTA AVANZA 07/14 RD,30X62X38,,102643 TM9004A36087,BALERO DOBLE TOYOTA AVANZA 07/11,Producto,
4,BALERO DOBLE,SYD,2225010,BALERO DOBLE TOYOTA HIACE 06/15 RT,40X94X26,,9036340071 DG4094W12 101841FAG,BALERO DOBLE RUEDA TRASERA TOYOTA HIACE 04/12,Producto,
4,BALERO DOBLE,SYD,2225004,BALERO DOBLE TOYOTA COROLLA 09/11,,,,BALERO DOBLE RUEDA DELANTERA TOYOTA COROLLA MATRIX 2.4 LTS 09/12 SIENNA 04/10 CAMRY 02/06 MAZDA CX9 07/12 FORD EDGE 07/12,Producto,
4,BALERO DOBLE,SYD,2225002,BALERO DOBLE TOYOTA CAMRY 92/03 RD,43X82X45,,510006,"BALERO DOBLE RUEDA DELANTERA TOYOTA CAMRY 02/03",Producto,
4,BALERO DOBLE,SYD,2219003,BALERO DOBLE RENAULT TRAFIC 07/14 RD,88X45X39,,,BALERO DOBLE RUEDA DELANTERA RENAULT TRAFIC 07/14,Producto,
4,BALERO DOBLE,SYD,2219002,BALERO DOBLE RENAULT TRAFIC 07/14 RD,68X35X48,,580541,BALERO DOBLE RUEDA TRASERA RENAULT TRAFIC 07/14,Producto,
4,BALERO DOBLE,SYD,2217002,BALERO DOBLE PEUGEOT 306 97/04,,,,"BALERO DOBLE RUEDA DELANTERA PEUGEOT 306 97/04",Producto,
4,BALERO DOBLE,SYD,2216003,BALERO DOBLE NISSAN PLATINA 02/07 CLIO K,52X25X37,,,BALERO DOBLE RUEDA TRASERA NISSAN PLATINA 02/07 RENAULT CLIO KANGOO 02/06 = SKF BT2B445539,Producto,
4,BALERO DOBLE,SYD,2216002,BALERO DOBLE NISSAN PLATINA 02/07 APRIO,37X72X37,,579797,BALERO DOBLE RUEDA DELANTERA NISSAN PLATINA 02/07 RENAULT CLIO KANGOO 02/06 = SKF BAH0094,Producto,
4,BALERO DOBLE,SYD,2209011,BALERO DOBLE HONDA CRV 02/06 RT,,,101776,BALERO DOBLE RUEDA TRASERA HONDA CRV 02/06,Producto,
4,BALERO DOBLE,SYD,2209009,BALERO DOBLE HONDA ACCORD 08/12 CROSTOUR,40X91X52,,101958FAG DAC5291E,BALERO DOBLE RUEDA DELANTERA HONDA ACCORD 08/12 ACCORD CROSSTOUR 10/13,Producto,
4,BALERO DOBLE,SYD,2209003,BALERO DOBLE HONDA CIVIC 06/11 C/ABS RD,78X43X44,,101801,"BALERO DOBLE RUEDA DELANTERA HONDA CIVIC 06/11 C/ABS Y S/ABS",Producto,
4,BALERO DOBLE,SYD,2209002,BALERO DOBLE HONDA ACCORD 98/02 CRV 02/0,84X45X40,,,BALERO DOBLE RUEDA DELANTERA HONDA ACCORD 98/03 CIVIC 01/05 CRV 02/06 S/ABS ELEMENT 03/08 S/ABS,Producto,
4,BALERO DOBLE,SYD,2206003,BALERO DOBLE DODGE ATOS 02/ VERNA 04/06,38X70X37,,5172002000,BALERO DOBLE RUEDA DELANTERA CHRYSLER HYUNDAI I10 12/14,Producto,
4,BALERO DOBLE,SYD,2203004,BALERO DOBLE GM SONIC 12/13 RD,40X78X40,,101291,BALERO DOBLE RUEDA DELANTERA CHEVROLET SONIC 12/13 40X78X40,Producto,
4,BALERO DOBLE,SNR FRANCES,13163/1815,BALERO DOBLE VW TOUAREG 04/10,51X96X50,,805209 510082,BALERO DOBLE VW TOUAREG 04/10 DEL TRAS,Producto,
4,BALERO DOBLE,FAG,102599,BALERO DOBLE NISSAN VERSA 12/19 RT,25X55X48,,402100 QAA TM7701207677K,BALERO NISSAN VERSA C/ABS,Producto,
4,BALERO DOBLE,FAG,102416,BALERO DOBLE FORD ESCAPE 4X2 01/05 RD,42X78X45,,510072,BALERO RUEDA FORD ESCAPE 01/05 DEL,Producto,4.01E+12
4,BALERO DOBLE,FAG,102406,BALERO DOBLE TOYOTA TACOMA 06/14 4X2 RD,,,102406,BALERO DOBLE TOYOTA TACOMA 06/ 4X2,Producto,
4,BALERO DOBLE,FAG,101918,BALERO DOBLE TOYOTA AVANZA TRAS,,,101918,,Producto,
4,BALERO DOBLE,FAG,101914,BALERO DOBLE VW AMAROK 12/,49X88X48,,TMKDB4988,,Producto,
4,BALERO DOBLE,FAG,101812,BALERO DOBLE DODGE CALIBER JEEP PATRIO R,43X80X40,,510090 101812,BALERO DOBLE CHRYSLER CALIBER 07-12,Producto,4.01E+12
4,BALERO DOBLE,FAG,101755,BALERO DOBLE TOYOTA YARIS 05/12 RD,40X75X39,,TMDAC4075,BALERO DOBLE TOYOTA YARIS 07-10 DEL,Producto,
4,BALERO DOBLE,FAG,101350,BALERO DOBLE HONDA CIVIC 92/05,43X79X41,,510030,BALERO DOBLE HONDA CIVIC 01/05 DEL,Producto,
4,BALERO DOBLE,FAG,101291,BALERO DOBLE GM CORSA 03/08 RT,27X53X43,,DU2753,BALERO DOBLE CHEVROLET CORSA 03/08 TRAS,Producto,4.01E+12
11,CAJA DIRECCION,OEP,OP96482901,CAJA DIRECCION GM MATIZ 06/15 STD,,,96482901 2003014,CAJA DIRECCION STANDAR CHEVROLET MATIZ 06/15 = 2003014,Producto,
11,CAJA DIRECCION,OEP,OP93184686,CAJA DIRECCION GM CORSA 03/08 STD,,,93184686,,Producto,OP-93184686
11,CAJA DIRECCION,OEP,OP7701471107,CAJA DIRECCION NISSAN PLATINA 02/10 STD,,,7701471107,,Producto,OP-7701471107
11,CAJA DIRECCION,OEP,OP4800165Y10,CAJA DIRECCION NISSAN TSURU 92/17 STD,,,,,Producto,OP-4800165Y10
11,CAJA DIRECCION,OEP,OP377419063,CAJA DIRECCION VW POINTER 98/09 STD,,,,,Producto,OP-377419063
11,CAJA DIRECCION,OEP,OP26030358,CAJA DIRECCION GM CHEVY MONZA 94/07 STD,,,26030358,,Producto,OP-26030358
11,CAJA DIRECCION,OEP,OP191419063B,CAJA DIRECCION VW JETTA A2 STD A/GRUESO,,,,,Producto,OP-191419063B
11,CAJA DIRECCION,OEP,OP191419061,CAJA DIRECCION VW JETTA A2 STD A/FINO,,,,,Producto,OP-191419061
11,CAJA DIRECCION,OEP,OP171419063,CAJA DIRECCION VW A1 CARIBE ATLANTIC,,,171419063,,Producto,OP-171419063
11,CAJA DIRECCION,SAFETY,N26030358,CAJA DIRECCION GM CHEVY MONZA 94/07 STD,,,,,Producto,
11,CAJA DIRECCION,IMPORT,I96482901,CAJA DIRECCION GM MATIZ 06/09 STD,,,,,Producto,
11,CAJA DIRECCION,BRUCK,I93184686,CAJA DIRECCION GM CORSA 03/08 STD,,,,,Producto,
11,CAJA DIRECCION,IMPORT,I5651002010,CAJA DIRECCION DODGE ATOS 01/04 STD,,,,,Producto,
11,CAJA DIRECCION,IMPORT,I4800165Y10,CAJA DIRECCION NISSAN TSURU 92/17 STD,,,,,Producto,
11,CAJA DIRECCION,IMPORT,I26030358,CAJA DIRECCION GM CHEVY MONZA 94/07 STD,,,,,Producto,
11,CAJA DIRECCION,YOKOMITSU,DMNZ0120,CAJA DIRECCION MAZDA 3 Y 6 14/18 ELECTRO,,,,,Producto,
11,CAJA DIRECCION,YOKOMITSU,DMNV0610,CAJA DIRECCION VW GOL SAVERO 09/17 ELECT,,,5U1422055ESFT,,Producto,
11,CAJA DIRECCION,YOKOMITSU,DMNV0300,CAJA DIRECCION VW JETTA A2 A3 HIDRAULICA,,,191422063,,Producto,
11,CAJA DIRECCION,YOKOMITSU,DMNV0120,CAJA DIRECCION VW JETTA A3 93/98 HIDRAUL,,,,,Producto,
11,CAJA DIRECCION,YOKOMITSU,DMNV0100,CAJA DIRECCION VW JETTA A4 99/07 HIDRAUL,,,1J1422062D,,Producto,
11,CAJA DIRECCION,YOKOMITSU,DMNT0720,CAJA DIRECCION TOYOTA HILUX 06/15 HIDRAU,,,DMNT0720,,Producto,
11,CAJA DIRECCION,YOKOMITSU,DMNN1100,CAJA DIRECCION NISSAN TIIDA 06/17 ELECTR,,,,,Producto,
11,CAJA DIRECCION,YOKOMITSU,DMNN0900,CAJA DIRECCION NISSAN VERSA 12/17 ELECTR,,,,,Producto,
11,CAJA DIRECCION,YOKOMITSU,DMNN0800,CAJA DIRECCION GM MARCH 11/ ELECTROASIST,,,,,Producto,
11,CAJA DIRECCION,YOKOMITSU,DMNN0500,CAJA DIRECCION NISSAN TSURU II 88/91 STD,,,48001-60A01,,Producto,
11,CAJA DIRECCION,YOKOMITSU,DMNN0120,CAJA DIRECCION NISSAN TSURU III 92/17 HI,,,49001-F4200 CDO,,Producto,
11,CAJA DIRECCION,YOKOMITSU,DMNN0100,CAJA DIRECCION NISSAN TSURU III 92/17 ST,,,,,Producto,4800165Y10
11,CAJA DIRECCION,YOKOMITSU,DMNK1100,CAJA DIRECCION DODGE ATTITUDE 06/11,,,,,Producto,
11,CAJA DIRECCION,YOKOMITSU,DMNK0800,CAJA DIRECCION DODGE I10 11/14 ELECTROAS,,,,,Producto,
11,CAJA DIRECCION,YOKOMITSU,DMNF0210,CAJA DIRECCION FORD FIESTA 11/19 HID,,,,,Producto,
11,CAJA DIRECCION,YOKOMITSU,DMNF0200,CAJA DIRECCION FORD FIESTA 03/10 ECOSPOR,,,,,Producto,
11,CAJA DIRECCION,YOKOMITSU,DMNC1100,CAJA DIRECCION GM BEAT 18/20 ELECTROASI,,,,,Producto,
11,CAJA DIRECCION,YOKOMITSU,DMNC0210,CAJA DIRECCION GM CORSA 03/ ELECTROASIST,,,,,Producto,
11,CAJA DIRECCION,YOKOMITSU,DMNC0200,CAJA DIRECCION GM CORSA03/08 TORNADO  04,,,,,Producto,
11,CAJA DIRECCION,YOKOMITSU,DMNC0100,CAJA DIRECCION GM CHEVY MONZA 94/07 STD,,,,,Producto,
11,CAJA DIRECCION,CROMITE,DH3022,REPUESTO CAJA DIR FORD 96/98 PICKUP,,,DH3022 ANTES DH-22802,,Producto,
11,CAJA DIRECCION,NIKKO,96316283SFT,CAJA DIRECCION GM MATIZ 04/05,,,96316283,,Producto,
11,CAJA DIRECCION,BRUCK,93FB3503AA,CAJA DIRECCION FORD KA 01/08 STD,,,93FB3503AA,,Producto,
11,CAJA DIRECCION,SAFETY,900602SFT,CAJA DIRECCION GM CHEVY MONZA 94/07 STD,,,900602,"CAJA DIRECCION STANDAR CHEVROLET CHEVY 94/12 CHEVY BRASIL 99/03",Producto,
11,CAJA DIRECCION,SYD,7701471107,CAJA DIRECCION NISSAN PLATINA 02/10 STD,,,,"CAJA DIRECCION STANDAR NISSAN PLATINA 02/10",Producto,
11,CAJA DIRECCION,SAFETY,5651005050SFT,CAJA DIRECCION DODGE ATOS 06- SINFÍN LAR,,,,"CAJA DIRECCION STANDAR CHRYSLER HYUNDAI ATOS 1.1 LTS 05/10 SINFIN LARGO",Producto,
11,CAJA DIRECCION,SAFETY,5651002010SFT,CAJA DIRECCION DODGE ATOS 00/04 STD SINF,,,5651002010SFT,"CAJA DIRECCION STANDAR CHRYSLER HYUNDAI ATOS 1.0 LTS 00/04 SINFIN CORTO",Producto,
11,CAJA DIRECCION,SAFETY,565001E500SFT,CAJA DIRECCION DODGE ATTITUDE ELECTROASI,,,565001E500SFT,,Producto,
11,CAJA DIRECCION,SAFETY,565000X000SFT,CAJA DIRECCION DODGE I10 11/14 ELECTROAS,,,,CAJA DIRECCION ELETROASISTIDA HYUNDAI i10 1.1 LTS 11/14 = 2006016,Producto,
11,CAJA DIRECCION,SAFETY,49001VW600SFT,CAJA DIRECCION NISSAN URVAN 02/07,,,,"CAJA DIRECCION HIDRAULICA NISSAN URVAN 2.4 LTS 02/07 URVAN 2.5 3.0 LTS 08/12 S/EMPAQUE ",Producto,
11,CAJA DIRECCION,NIKKO,4900100QAANIKKO,CAJA DIRECCION NISSAN PLATINA 02/10 HID,,,4900100QAA,,Producto,
11,CAJA DIRECCION,SYD,48001Y02G1,CAJA DIRECCION NISSAN TSURU III 92/07,,,,CAJA DIRECCION STANDAR NISSAN TSURU III TSUBAME 92/11,Producto,
11,CAJA DIRECCION,SAFETY,48001EM30BSFT,CAJA DIRECCION NISSAN TIIDA 06 ELECTROAC,,,,"CAJA DIRECCION STANDAR NISSAN TIIDA 06/14 ELECTROMECANICA",Producto,
11,CAJA DIRECCION,SAFETY,4800165Y10SFT,CAJA DIRECCION NISSAN TSURU III 92/17,,,,CAJA DIRECCION STANDAR NISSAN TSURU III 1992/14 TSUBAME 1992/04 ARMADA,Producto,
11,CAJA DIRECCION,SYD,4800160A01,CAJA DIRECCION NISSAN TSURU II 88/91 STD,,,,"CAJA DIRECCION STANDAR NISSAN TSURU II 88/91",Producto,4800160A01SFT
11,CAJA DIRECCION,SAFETY,4800117A05,CAJA DIRECCION NISSAN TSURU I 84/87 STD,,,,,Producto,
11,CAJA DIRECCION,SAFETY,4800104A01,CAJA DIRECCION NISSAN TSURU I 84/87 STD,,,,,Producto,
11,CAJA DIRECCION,SYD,377419063,CAJA DIRECCION VW POINTER  99/07 STD,,,,"CAJA DIRECCION STANDAR VOLKSWAGEN POINTER PICK UP 97/08",Producto,
11,CAJA DIRECCION,SAFETY,211415049SFT,CAJA DIRECCION VW COMBI 73/01,,,211415049,,Producto,
11,CAJA DIRECCION,SAFETY,1J0422105SFT,CAJA DIRECCION VW JETTA BEETLE GOLF A4 9,,,,"CAJA DIRECCION HIDRAULICA VW BEETLE GOLF A4 98/07 JETTA A4 98/14 BEETLE 98/11 S/EMPAQUE",Producto,
11,CAJA DIRECCION,SAFETY,191419063BSFT,CAJA DIRECCION VW JETTA A2 STD A/GRUESO,,,191419063B,"CAJA DIRECCION STANDAR VW GOLF A2 87/92 JETTA A2 85/92 ASTRIADO FINO ",Producto,
11,CAJA DIRECCION,SYD,191419063B,CAJA DIRECCION VW JETTA A2 STD A/GRUESO,,,,"CAJA DIRECCION STANDAR VOLKSWAGEN GOLF JETTA A2 ASTRIADO FINO 87/92 ",Producto,
11,CAJA DIRECCION,BRUCK,191419061,CAJA DIRECCION VW JETTA A2 A/FINO,,,,,Producto,
11,CAJA DIRECCION,SAFETY,171419063BSFT,CAJA DIRECCION VW ATLANTIC CARIBE  79/87,,,171419063B,"CAJA DIRECCION STANDAR VW JETTA A1 80/84 ATLANTIC CARIBE 77/87 ",Producto,
11,CAJA DIRECCION,BRUCK,171419063,CAJA DIRECCION VW ATLANTIC CARIBE  79/87,,,,,Producto,
11,CAJA DIRECCION,SYD,157378,CAJA DIRECCION HID SYD CR VOYAG 96 6V,,,,,Producto,
11,CAJA DIRECCION,SAFETY,113415061SFT,CAJA DIRECCION VW SEDAN 68/04,,,,,Producto,
11,CAJA DIRECCION,SYD,1041275,CAJA DIRECCION FORD FIESTA 98/11 STD,,,,CAJA DIRECCION STANDAR FORD FIESTA IKON 98/11 = 1041275SFT,Producto,1041275GR
11,CAJA DIRECCION,SYD,10360036,CAJA DIRECCION VW COMBI 74/96 STD 1.8,,,,,Producto,
03,BALATA TAMBOR,WAGNER,WZ994,BALATA FT GM CHEVY 95/11 CORSA 02/11,,,1665S994 13X0,BALATA TAMBOR TRASERA CHEVROLET CHEVY 09/12 MONZA 1997/03 JOY 1994/03 C2 04/08 SWING 1994/03 VAGONETA 00/02 CORSA 02/08 = OW13X0ZV,Producto,
03,BALATA TAMBOR,WAGNER,WZ984,BALATA FT FORD FIESTA 11/15,,,1437S984,BALATA TAMBOR TRASERA FORD FIESTA 11/15 IKON 13/14  = OW1437ZV,Producto,
03,BALATA TAMBOR,WAGNER,WZ961,BALATA FT FORD LOBO FRENO MANO,,,1645S961,BALATA TAMBOR TRASERA FORD F150 09/11 ESTACIONAMIENTO,Producto,
03,BALATA TAMBOR,WAGNER,WZ960,BALATA FT GM SILVERADO 1500 CANYON 09/11,,,1644S960,BALATA TAMBOR TRASERA CHEVROLET SILVERADO 1500 08/13 GMC SIERRA 1500 08/13 = OW1644ZV,Producto,
03,BALATA TAMBOR,WAGNER,WZ959,BALATA FT GM COLORADO CANYON 09/11,,,1643S959,BALATA TAMBOR TRASERA CHEVROLET COLORADO 09/12 GMC CANYON 09/12 ESTACIONAMIENTO = OW1643ZV,Producto,
03,BALATA TAMBOR,WAGNER,WZ945,BALATA FT TOYOTA COROLA,,,1635ZV,BALATA TAMBOR TRASERA TOYOTA COROLLA 09/15 PRIUS 10/13 PRIUS C 12/16 SCION XD 08/13 YARIS 07/16  = OW1635ZV,Producto,
03,BALATA TAMBOR,WAGNER,WZ928,BALATA FT HONDA CRV FRENO DE MANO,,,,BALATA TAMBOR TRASERA ACURA RDX 07/13 HONDA CRV 07/13 ESTACIONAMIENTO,Producto,
03,BALATA TAMBOR,WAGNER,WZ924,BALATA FT NISSAN TIIDA 06/12 LANCER 08/0,,,1624S924,BALATA TAMBOR TRASERA NISSAN TIIDA 07/14 VERSA 09/12 MITSIBISHI LANCER 08/09 = OW1624ZV,Producto,
03,BALATA TAMBOR,WARNER,WZ922,BALATA FT DODGE DAKOTA 06/11 MITSUBISHI,,,1582S922,BALATA TAMBOR TRASERA CHRYSLER DAKOTA 06/10 DAKOTA 2011 MITSUBISHI RAIDER 06/09 ESTACIONAMIENTO = OW1582Z1V,Producto,
03,BALATA TAMBOR,WAGNER,WZ916,BALATA FT TOYOTA MATRIX 99/13 VIBE 09/10,,,1620 S916,BALATA TAMBOR TRASERA TOYOTA RAV-4 06/18 - RAV-4 6CIL 06/12 - RAV-4 ELECT 12/14 - MATRIX 1.8LT 09/13 -  MATRIX 2.4LT 09/13 - CAMRY 2.5LT 18 - CAMRY 3.5LT 18 -- NISSAN SENTRA 2.0LT 07/12 - SENTRA 2.5LT 07/12 - SENTRA 1.8LT 13/17 - SENTRA 1.6LT 17 - ROGUE 2.5LT 08/15 - JUKE 11/17 - LEAF ELECT 11/15 -- PONTIAC VIBE 1.8LT 09/10 - VIBE 2.4LT 09/10 -- LEXUS HS250H 2.4LT 10/12,Producto,
03,BALATA TAMBOR,WAGNER,WZ832,BALATA FT TOYOTA COROLLA 03/08 PRIUS 04/,,,1515 S832,BALATA TAMBOR TRASERA TOYOTA COROLLA 03/08 PRIUS 04/08 SCION XA 04/06 XB 04/06 = OW1515Z1V,Producto,
03,BALATA TAMBOR,WARNER,WZ815,BALATA FT GM COLORADO 04/08 CANYON 04/08,,,1548S815,BALATA TAMBOR TRASERA CHEVROLET COLORADO 04/08 -- GMC CANYON 04/08 -- ISUZU I280 2006 I350 2006 I370 07/08 = OW1548ZV,Producto,
03,BALATA TAMBOR,WAGNER,WZ810,BALATA FT DODGE PT CRUISER 04/09 VW VENT,,,1542S810,BALATA TAMBOR TRASERA VOLKSWAGEN VENTO 13/16 CHRYSLER PT CRUISER 04/09 = OW1542Z1V,Producto,
03,BALATA TAMBOR,WAGNER,WZ771,BALATA FT GM AVALANCHE SILVERADO EXPRESS,,,2192S771,BALATA TAMBOR TRASERA CHEVROLET AVALANCHE 2500 02/06 EXPRESS 2500 03/08 EXPRESS 3500 03/11 SILVERADO 1500 HD 02/07 SILVERADO 2500 1999/04 HUMMER H2 02/04 DODGE RAM 2500 00/01 ESTACIONAMIENTO = OW2192ZV,Producto,
03,BALATA TAMBOR,WAGNER,WZ736,BALATA FT FORD COURIER 99/08 CONTOUR MYS,,,1504S736,BALATA TAMBOR TRASERA FORD CONTOUR 1995/00 MERCURY MYSTIQUE 1995/00 COUGAR 1999/02 = OW1504ZV,Producto,
03,BALATA TAMBOR,WARNER,WZ714R,BALATA FT DODGE CARAVAN VOYAGER 96/05,,,1485S714,BALATA TAMBOR TRASERA DODGE GRAN VOYAGER 96/00 - TOWN & COUNTRY 96/07 - VOYAGER 96/03 - CARAVAN 96/07 - GRAN CARAVAN 96/07,Producto,
03,BALATA TAMBOR,WARNER,WZ705R,BALATA FT FORD EXPLORER RANGER 95/00,,,2089S705,BALATA TAMBOR TRASERA FORD RANGER 1995/09 -- MAZDA 1995/09 MAZDA B2300 1995/09 B2500 1998/01 B3000 1995/07 B4000 1995/09 REMACHADA = OW2089ATZV,Producto,
03,BALATA TAMBOR,WAGNER,WZ704R,BALATA FT RANGER B2500 B3000 95/14 9 PUL,,,2180S704,BALATA TAMBOR TRASERA FORD RANGER 1995/09 MAZDA B2300 1995/09 B2500 1998/01 B3000 1995/07 B4000 1995/09 REMACHADA = OW1282TZ1V,Producto,
03,BALATA TAMBOR,WAGNER,WZ701,BALATA FT FORD EXPLORER 95/99 WINDSTAR 9,,,1484S701,BALATA TAMBOR TRASERA FORD EXPLORER SPORT TRACK 02/05 EXPLORER 1995/01 WINDSTAR 1995/03 JEEP GRAND CHEROKEE 1994/1998 MERCURY MOUNTAINEER 1997/01 ESTACIONAMIENTO = OW1484ZV,Producto,
03,BALATA TAMBOR,WAGNER,WZ638,BALATA FT NISSAN TSURU III 93/17,,,1438S638,BALATA TAMBOR TRASERA NISSAN 200SX 1995/1998 SENTRA 1991/1999 TSURU 1992/15 = OW1438ZV,Producto,
03,BALATA TAMBOR,WAGNER,WZ631,BALATA FT NISSAN X TERRA FROINTER 98/04,,,1433 S631,BALATA TAMBOR TRASERA NISSAN NP300 08/14 PATHFINDER 1996/04 FRONTIER 1998/04 D21 1990/1994 XTERRA 00/04 PICK UP 1995/1997 INFINITI OX4 1997/03 = OW1433ZV,Producto,
03,BALATA TAMBOR,WAGNER,WZ583R,BALATA FT FORD F350 95/98 DODGE RAM 3500,,,2171S583,BALATA TAMBOR TRASERA CHRYSLER RAM 1500 VAN 2003 RAM 2500 VAN 1999/03 RAM3500 VAN 1999/03 FORD E350 ECONOLINE 1987/1998 E350 ECONOLINE CLUB WAGON 1987/1998 REMACHADA = OW2171TZR,Producto,
03,BALATA TAMBOR,WAGNER,WZ574,BALATA FT NISSAN D21 94/08 URVAN  FRONTI,,,1399S574,BALATA TAMBOR TRASERA NISSAN URVAN 14/15 NP300 2014 PATHFINDER 1989/1995 FRONTIER 1998/04 PICK UP 1995/1997 STANZA 1986/1987 PICK UP D21 1986/1994 = OW1399ZV,Producto,
03,BALATA TAMBOR,WARNER,WZ553R,BALATA FT GM CAVALIER 90/02 SUNFIRE 95/0,,,2164S553,BALATA TAMBOR TRASERA CHEVROLET CAVALIER 1985/02 CHEVETTE 1985/1987 BERETTA 1991/1996 BUICK SKYLARK 1985/1998 SOMERSET REGAL 1985 SKYHAWK 1985/1989 REMACHADA = OW2164ZR,Producto,
03,BALATA TAMBOR,WAGNER,WZ538R,BALATA FT DODGE VOYAGER CARAVAN 89/95,,,2168S538,BALATA TAMBOR TRASERA TOWN COUNTRY 1990/1995 DODGE CARAVAN 1984/1995 DAKOTA 1987/02 GRAND CARAVAN 1987/1995 MINI RAM 1984/1987 JEEP CHEROKEE 1990/00 COMANCHE 1990/1992 TJ 1997/00 WAGONEER 1990 REMACHADA = OW2168TZR,Producto,
03,BALATA TAMBOR,WARNER,WZ473R,BALATA FT GM C1500 94/99 SUBURBAN 92/98,,,2073T473,BALATA TAMBOR TRASERA CHEVROLET SUBURBAN 1978/1986 SUBURBAN C1500 1992/1999 BLAZER 1987/1991 CADILLAC ESCALADE 1999/00 FLEETWOOD 1994/1996 REMACHADA = OW2073TZR,Producto,
03,BALATA TAMBOR,WARNER,WZ406,BALATA FT NISSAN DATSUN PICKUP 80/89,,,8123S406,BALATA TAMBOR TRASERA NISSAN 520 PICKUP 65/68 - 521 PICKUP 68/72 - 620 PICKUP 72/79,Producto,
03,BALATA TAMBOR,NIKKO,S781,BALATA FT GM SILVERADO ESTACIONAMIENTO 0,,,2196S781,BALATA TAMBOR TRASERA GM SILVERADO 1500 99/13 SUBURBAN 1500 99/13 TAHOE 00/14,Producto,
03,BALATA TAMBOR,NIKKO,S631,BALATA FT NISSAN X TERRA FROINTER 98/04,,,1433 S631,BALATA TAMBOR TRASERA NISSAN FRONTIER 98/04 - PATHFINDER 96/04 - XTERRA 00/04,Producto,
03,BALATA TAMBOR,PANTHER,PBS1105,BALATA FT TOYOTA HILUX CABINA SENSILLA 1,,,1750S1105,BALATA TAMBOR TRASERA TOYOTA HILUX 15/20,Producto,
03,BALATA TAMBOR,PANTHER,PBS1090,BALATA FT GM AVEO 18/20,,,1737 D1090,BALATA TAMBOR TRASERA GM AVEO 18/20,Producto,
03,BALATA TAMBOR,PANTER,PBS960A,BALATA FT SILVERADO 1500 CANYON 09/11,,,1644S960,BALATA TAMBOR TRASERA GM SILVERADO 1500 09/13 - SIERRA 09/13 - SIERRA DENALI 09/11,Producto,
03,BALATA TAMBOR,PANTHER,PBS751,BALATA FT GM TORNADO 04/14 MERIVA 04/09,,,1516S751,"BALATA TAMBOR TRASERA GM TORNADO 1.8 03/20 - ASTRA 2.0L 00/06 - MERIVA 04/09 - TRACKER 05/07 -- SATURN L100 01/02 - L200 01/03 - L300 01-/-05, LS, LS1, LS2, LW1 2000, LW200, LW300 01-03",Producto,
03,BALATA TAMBOR,PANTER,PBS723,BALATA FT FORD F150 E150 LOBO 97/03 DODG,,,2182S723,BALATA TAMBOR TRASERA FORD F150 97/00 - E150 97/00 -LOBO 97/00 -- DODGE DURANGO 98/07 - RAM 1500 00/01 - RAM 2500 99/03 - DAKOTA 00/04,Producto,
03,BALATA TAMBOR,PANTHER,PBS473,BALATA FT GM C1500 94/99 SUBURBAN 92/98,,,2073S473,BALATA TAMBOR TRASERA GM SUBURBAN 90/94 - CHEYENNE 92/95 - CHEYENNE 2500 92/97 - C10 80/91 - C1500 78/91 - C-20 78/91 - C2500 90/91 - C2500 00 -  SAVANA 98/02 - BLAZER 90/91 - EXPRESS VAN 2500 92/02 - EXPRESS 1500 00/02 - EXPRESS VAN G2500 99/02 - G10 90/93 - G1500 90/91 - G20 87/91 - G2500 87/91 - TAHOE 99/00 - JIMMY 78/91 - YUKON 92/00,Producto,
03,BALATA TAMBOR,FRITEC,PBS1054,BALATA FT FORD ECOSPORT 13/18,,,1713S1054,BALATA TAMBOR TRASERA FORD ECOSPORT 08/12 ,Producto,
03,BALATA TAMBOR,PANTHER,PBS1017,BLATAS FT DODGE RAM700 15/18 CABINA SENC,,,1027S1693,BALATA TAMBOR TRASERA DODGE RAM 700 15/18,Producto,
03,BALATA TAMBOR,FRITEC,OW2Y20ZV,BALATA FT DODGE RAM 700 15/17 FIAT ESTRA,,,FT111 2Y20,"BALATA TAMBOR TRASERA CHRYSLER RAM 700 15/16 FIAT STRADA 10/14 = 2Y20FT111",Producto,
03,BALATA TAMBOR,FRITEC,OW2X64ZV,BALATA FT GM CHEVY PICKUP 99/06,,,FT001 BS0009,BALATA TAMBOR TRASERA CHEVROLET CHEVY PICK UP TODOS ANTES OW2X64ZR = BS0009S009,Producto,
03,BALATA TAMBOR,FRITEC,OW2W61ZV,BALATA FT TOYOTA HIACE 06/18,,,1358S804,BALATA TAMBOR TRASERA TOYOTA HIACE 06/10 NACIONAL = BS0002S002,Producto,7500404025966
03,BALATA TAMBOR,FRITEC,OW2210TZV,BALATA FT FORD RANGER ARGENTINA 06/12,,,2210S1036,BALATA TAMBOR TRASERA FORD RANGER ARGENTINA 06/12 = BS2210TS1036,Producto,7500404225502
03,BALATA TAMBOR,FRITEC,OW2192ZV,BALATA FT GM AVALANCHE SILVERADO EXPRESS,,,2192S771,BALATA TAMBOR TRASERA CHEVROLET AVALANCHE 2500 03/06 SILVERADO 1500 HD 02/07 SILVERADO 2500 99/04 HUMMER H2 02/04 VULCANIZADA,Producto,
03,BALATA TAMBOR,FRITEC,OW2182TTZV,BALATA FT FORD F150 E150 LOBO 97/03 DODG,,,2182S723,BALATA TAMBOR TRASERA FORD TRUCK E150 97/03 E150 ECONOLINE 03/06 F150 97/01 VULCANIZADA ANTES OW2182TTZR = 2182TTS723,Producto,
03,BALATA TAMBOR,FRITEC,OW2180TZV,BALATA FT RANGER B2500 B3000 95/14 9 PUL,,,2180S704,BALATA TAMBOR TRASERA FORD TRUCK E150 97/03 E150 ECONOLINE 03/06 F150 97/01 ANTES OW2180TZR = 2180TS704,Producto,7500404224031
03,BALATA TAMBOR,FRITEC,OW2171TZR,BALATA FT FORD F350 95/98 DODGE RAM 3500,,,2171S583,BALATA TAMBOR TRASERA CHRYSLER RAM 2500 00/03 RAM VAN B3500 98/03 E350 87/92 = REMACHADA  BS2171TS583 2171T583,Producto,
03,BALATA TAMBOR,FRITEC,OW2169ZV,BALATA FT NISSAN PICKUP AMERICANA 89/95,,,2169S571,BALATA TAMBOR TRASERA NISSAN PICKUP 85/87,Producto,
03,BALATA TAMBOR,FRITEC,OW2164ZVS553,BALATA FT GM CAVALIER 90/02 SUNFIRE 95/0,,,2164S553,BALATA TAMBOR TRASERA GM CAVALIER 90/02 - SUNFIRE 95/00,Producto,
03,BALATA TAMBOR,FRITEC,OW2141ATZR,BALATA FT FORD F150 E150 87/96 BRONCO,,,2141S582,BALATA TAMBOR TRASERA FORD BRONCO 87/96 E150 87/96 F150 87/98 = BS2141ATS582 2141AT582,Producto,7500404025683
03,BALATA TAMBOR,FRITEC,OW2117ATTZR,BALATA FT GM ASTRO BLAZER S10 82/03,,,2117S514,BALATA TAMBOR TRASERA CHEVROLET MALIBU 73/83 S10 82/97 ASTRO VAN 85/01 = BS2117ATTS514 2117ATT514,Producto,
03,BALATA TAMBOR,FRITEC,OW2089TZV,BALATA FT FORD EXPLORER 91/94 DODGE D100,,,2089S445,BALATA TAMBOR TRASERA CHRYSLER PICK UP D100 D150 86/99 DAKOTA 86/99 SUPER BEE VALIANT 77/81 VULCANIZADA ANTES OW2089TZR,Producto,
03,BALATA TAMBOR,FRITEC,OW2080TTZR,BALATA FT FORD F150 F250 70/91 DODGE RAM,,,2080S264,BALATA TAMBOR TRASERA FORD F100 70/83 F200 87/92 LTD CROWN VICTORIA 79/84 CHRYSELER RAM 1500 94/00 = 2080TT264,Producto,7500404025546
03,BALATA TAMBOR,FRITEC,OW1Y28ZV,BALATA FT RENAULT KANGOO 04/11,,,FT038 1Y28,BALATA TAMBOR TRASERA RENAULT KANGOO TODOS = BS0010S010,Producto,
03,BALATA TAMBOR,FRITEC,OW1Y22ZV,BALATA FT SUZUKI IGNIS 17/19,,,FT124,BALATA TAMBOR TRASERA SUZUKI IGNIS 17/19,Producto,
03,BALATA TAMBOR,FRITEC,OW1X81ZV,BALATA FT FORD IKON FIESTA 01/09 KA 01/0,,,2209S1000 1X81,BALATA TAMBOR TRASERA FORD FIESTA IKON 01/09 - KA 01/09 ANTES OW1X81ZV = BS0005S005,Producto,
03,BALATA TAMBOR,FRITEC,OW1X50ZV,BALATA FT FIAT MOBI 17/19,,,1X50FT121,BALATA TAMBOR TRASERA FIAT MOBI 17/19 = 1X50FT121,Producto,
03,BALATA TAMBOR,FRITEC,OW1743ZV,BALATA FT VW GOL 17/20,,,1743S1097,BALATA TAMBOR TRASERA VOLKSWAGEN GOL 17/20 UP 16/18,Producto,
03,BALATA TAMBOR,FRITEC,OW1742ZV,BALATA FT NISSAN NP300 FRONTIER 16/19,,,1742S1096 1X36,BALATA TAMBOR TRASERA NISSAN NP300 FRONTIER 16/ ANTES OW1X36ZV = 1742S1096SM,Producto,
03,BALATA TAMBOR,FRITEC,OW1740ZV,BALATA FT NISSAN NP300 15/16,,,1740S1094,BALATA TAMBOR TRASERA NISSAN NP300 14/15 ANTES OW1X33ZV,Producto,
03,BALATA TAMBOR,FRITEC,OW1727ZV,BALATA FT NISSAN APRIO 08/10,,,1727S1072,BALATA TAMBOR TRASERA NISSAN PLATINA 07 - APRIO 08 - SANDERO 10/12 ANTES OW1Y20ZV,Producto,
03,BALATA TAMBOR,FRITEC,OW1708ZV,BALATA FT NISSAN SENTRA 13/16,,,1708S1046,BALATA TAMBOR TRASERA NISSAN SENTRA 13/14 = BS1708S1046,Producto,
03,BALATA TAMBOR,FRITEC,OW1706ZV,BALATA FT DODGE I10 12/14,,,1706S1044,BALATA TAMBOR TRASERA DODGE HYUNDAI I10 12 ANTES OW1X89ZV = BS0021S021,Producto,
03,BALATA TAMBOR,FRITEC,OW1695ZV,BALATA FT NISSAN PLATINA 02/10 CLIO 01/1,,,1695S1029 1X20,BALATA TAMBOR TRASERA NISSAN PLATINA 02/10 -- RENAULT CLIO 01/10 - SANDERO 10/12 - STEPWAY 10/12 VULCANIZADA = OW1X20ZV,Producto,
03,BALATA TAMBOR,FRITEC,OW1689ZV,BALATA FT NISSAN MARCH 11/16 VERSA 12/16,,,1689S1020 16X4,BALATA TAMBOR TRASERA NISSAN NOTE 13/14 MARCH 11/14 VERSA 12/14 = OW16X4ZV,Producto,
03,BALATA TAMBOR,FRITEC,OW1680ZV,BALATA FT GM TRAX 13/16 CAVALIER 18/20,,,1680S1011,BALATA TAMBOR TRASERA CHEVROLET TRAX 13/14 TRAX LS 17/20 CAVALIER LS 18/20 VULCANIZADA,Producto,
03,BALATA TAMBOR,FRITEC,OW1670ZV,BALATA FT VW JETTA BICENTENARIO 08/15,,,1670S999 13Y5,BALATA TAMBOR TRASERA VW JETTA BICENTENARIO STYLE 2011 CITY EUROPA 08/2010 SAVEIRO 2010 VAN 07/09 VULCANIZADA ANTES OW13Y5ZV = BS0006S006,Producto,
03,BALATA TAMBOR,FRITEC,OW1668ZV,BALATA FT TOYOTA AVANZA 07/12,,,1668S997,BALATA TAMBOR TRASERA TOYOTA AVANZA 08/17 ANTES OW1Y15ZV = BS0018S018,Producto,
03,BALATA TAMBOR,FRITEC,OW1667Z,BALATA FT VW AMAROK 10/12,,,1667S996,BALATA TAMBOR TRASERA VW AMAROK 10/12,Producto,
03,BALATA TAMBOR,FRITEC,OW1666ZV,BALATA FT GM MATIZ 04/15,,,1666S995,BALATA TAMBOR TRASERA PONTIAC MATIZ 04/08 VULCANIZADA ANTES OW12X3ZV,Producto,
03,BALATA TAMBOR,FRITEC,OW1665ZV,BALATA FT GM CHEVY 95/11 CORSA 02/11,,,1665S994 13X0,BALATA TAMBOR TRASERA CHEVROLET CHEVY 95/11 MONZA 95/06 CORSA TODOS VULCANIZADA ANTES OW13X0ZV,Producto,
03,BALATA TAMBOR,FRITEC,OW1664ZV,BALATA FT FORD ECOSPORT FIESTA 00/06,,,1664S993 2X99,BALATA TAMBOR TRASERA FORD ECOSPORT TODOS FIESTA 00/06 COURIER 00/09 VULCANIZADA ANTES OW2X99ZV = BS0003S003,Producto,
03,BALATA TAMBOR,FRITEC,OW1644ZV,BALATA FT GM SILVERADO 1500 CANYON 09/11,,,1644S960,BALATA TAMBOR TRASERA CHEVROLET SILVERADO 1500 09/11 SIERRA 1500 09/11 = BS1644S960 1644S960,Producto,
03,BALATA TAMBOR,FRITEC,OW15Y2ZV,BALATA FT DODGE PT CRUISER 04/09 VW VENT,,,1542S810,"BALATA TAMBOR TRASERA VW VENTO 13/16",Producto,7500404230940
03,BALATA TAMBOR,FRITEC,OW15X4ZV,BALATA FT GM S10 COLORADO 13/14 MITSU L2,,,1685S1016,BALATA TAMBOR TRASERA CHEVROLET COLORADO 13/14 ANTES = OW1685ZV,Producto,OW1685ZV
03,BALATA TAMBOR,FRITEC,OW1542ZV,BALATA FT TOYOTA RAV4 03/05,,,1542S802,BALATA TAMBOR TRASERA TOYOTA RAV4 03/05 = BS1542S802 1542S802,Producto,
03,BALATA TAMBOR,FRITEC,OW1533ZV,BALATA FT FORD EXPLORER 02/10 AVIATOR 03,,,1533S791,BALATA TAMBOR TRASERA FORD EXPLORER 02/05 MERCURY MOUNTAINNER 02/05,Producto,7500404024969
03,BALATA TAMBOR,FRITEC,OW1525ZV,BALATA FT NISSAN SENTRA 02/07,,,1525S779,BALATA TAMBOR TRASERA NISSAN SENTRA 02/07 = BS1525S779 1525S779,Producto,
03,BALATA TAMBOR,FRITEC,OW1516ZV,BALATA FT TORNADO 04/14 MERIVA 04/09,,,1516S751,BALATA TAMBOR TRASERA GM MERIVA 04/06 - TORNADO 05/06 ASTRA TODOS - TORNADO 2012 VULCANIZADA = BS1516S751 1516S751,Producto,
03,BALATA TAMBOR,FRITEC,OW1515ZV,BALATA FT TOYOTA COROLLA 99/02,,,1515S750,BALATA TAMBOR TRASERA TOYOTA COROLLA 99/02 VULCANIZADA = BS1515S750 1515S750,Producto,7500404024877
03,BALATA TAMBOR,FRITEC,OW1513ZV,BALATA FT FORD FOCUS 00/06,,,1513D747,BALATA TAMBOR TRASERA FORD FOCUS 00/09 = BS1513S747 1513S747,Producto,
03,BALATA TAMBOR,FRITEC,OW1504ZV,BALATA FT FORD COURIER 99/08 CONTOUR MYS,,,1504S736,BALATA TAMBOR TRASERA FORD CONTOUR MYSTIQUE 97/00 COUGAR 99/01 = BS1504S736 1504S736,Producto,
03,BALATA TAMBOR,FRITEC,OW1485ZV,BALATA FT DODGE CARAVAN VOYAGER,,,1485S714,BALATA TAMBOR TRASERA DODGE CARAVAN VOYAGER TODAS,Producto,
03,BALATA TAMBOR,FRITEC,OW1484ZV,BALATA FT FORD EXPLORER 95/99 WINDSTAR 9,,,1484 S701,BALATA TAMBOR TRASERA JEEP CHEROKEE 95/96 FORD MARQUIS TOWN CAR 96/00,Producto,7500404024686
03,BALATA TAMBOR,FRITEC,OW147YZV,BALATA FT FORD FIESTA IKON 11/15,,,FT089,BALATA TAMBOR TRASERA FORD IKON 11/15,Producto,
03,BALATA TAMBOR,FRITEC,OW1479ZV,BALATA FT FORD CONTOUR 95/00 MYSTIQUE 95,,,1479S696,BALATA TAMBOR TRASERA FORD CONTOUR 95/00 MYSTIQUE 95/00 = BS1479S696 1479S696,Producto,
03,BALATA TAMBOR,FRITEC,OW1462ZV,BALATA FT DODGE AVENGER CALIBER NISSAN,,,1462S919,BALATA TAMBOR TRASERA CHRYSLER CALIBER 07/12 AVENGER 08/09 SEBRING 2009 NISSAN SENTRA 07/12 = BS1462S919 1462S919,Producto,
03,BALATA TAMBOR,FRITEC,OW1450ZV,BALATA FT VW JETTA A3 93/99 POINTER DERB,,,1450S662,BALATA TAMBOR TRASERA VW POINTER LUPO POLO 00/09 GTI 00/04 VULCANIZADA ANTES OW1450ZV = BS1450S662 1450S662,Producto,ow'1450'zv
03,BALATA TAMBOR,FRITEC,OW1438ZV,BALATA FT NISSAN TSURU III 92/17,,,1438S638,BALATA TAMBOR TRASERA NISSAN TSURU 92/11 = BS1438S638 1438S638,Producto,ow'1438'zv
03,BALATA TAMBOR,FRITEC,OW1437ZV,BALATA FT FORD FIESTA 11/17,,,1437S984,BALATA TAMBOR TRASERA FORD FIESTA 16/18 = BS1437S984,Producto,
03,BALATA TAMBOR,FRITEC,OW1404AZ1R,BALATA FT GM SILVERADO C1500 88/99,,,1404S675,BALATA TAMBOR TRASERA gm 400 SS 1992/1997 - BLAZER 1993/1994 - SILVERADO 1995/1996 - TAHOE 1995/1998  -YUKON 1993/1998 = OW1404AZ1V,Producto,
03,BALATA TAMBOR,FRITEC,OW1399ZV,BALATA FT NISSAN D21 94/08 URVAN  FRONTI,,,1399S574,BALATA TAMBOR TRASERA NISSAN D21 PICK UP 1986/08 DOBLE CABINA 1986/08 ESTAQUITAS 1986/08 CHASIS CABINA 1986/08 URVAN 00/17 FRONTIER 1998/13 PATHFINDER 1989/1994 = BS1399S574,Producto,ow'1399'zv
03,BALATA TAMBOR,FRITEC CERAMICA,OW1397Z1VS764,BALATA FT TOYOTA TACOMA 4WD HAICE,,,1397S764,BALATA TAMBOR TRASERA TOYOTA - TACOMA 4WD - HAICE,Producto,
03,BALATA TAMBOR,FRITEC,OW1373ZV,BALATA FT NISSAN TSURU I 85/87 TSURU II,,,1373S532,BALATA TAMBOR TRASERA NISSAN TSURU I II 85/91 NINJA 82/84 SAMURAI 84/87 VULCANIZADA = BS1373S532 1373532,Producto,
03,BALATA TAMBOR,FRITEC,OW1358ZV,BALATA FT TOYOTA TACOMA PICKUP 84/93,,,1358S505,BALATA TAMBOR TRASERA TOYOTA PICK UP 90/95 PREVIA 91/95 TACOMA 95/13 VULCANIZADA = BS1358S505 1358505,Producto,ow'1358'zv
03,BALATA TAMBOR,FRITEC,OW1358Z2V,BALATA FT TOYOTA HILUX 09/13 CAB/SENCILL,,,1358S871,BALATA TAMBOR TRASERA TOYOTA HILUX 09/13 - HIACE PANEL 2020 VULCANIZADA = BS1358S871 OW1358Z2VS871,Producto,
03,BALATA TAMBOR,FRITEC,OW1350ZR,BALATA FT FORDTOPAZ 84/94 GHIA,,,1350S501,BALATA TAMBOR TRASERA MERCURY GHIA TOPAZ 90/94 FORD ESCORT RENAULT ALLIANCE ENCORE 84/87 REMACHADA,Producto,7500404024006
03,BALATA TAMBOR,GOLDEN FRICTION,NW9967,BALATA FT FORD FIESTA 1.3,,,9967S967,BALATA TAMBOR TRASERA FORD FIESTA 1.3 TODOS,Producto,
03,BALATA TAMBOR,EUROFRICCION,NW9961,BALATA FT FORD ECOSPORT FIESTA 00/06,,,1664S993 2X99,BALATA TAMBOR TRASERA FORD ECOSPORT 00/06,Producto,
03,BALATA TAMBOR,GOLDEN FRICTION,NW9952,BALATA FT NISSAN PLATINA 02/10 CLIO 01/1,,,1695S1029 1X20,BALATA TAMBOR TRASERA NISSAN PLATINA 02/10 - RENAULT CLIO 01/11,Producto,
03,BALATA TAMBOR,GOLDEN FRICTION,NW924,BALATA FT NISSAN TIIDA 06/12 LANCER 08/0,,,1624S924,BALATA TAMBOR TRASERA NISSAN TIIDA 06/12 -- MITSUBISHI LANCER 08/00,Producto,
03,BALATA TAMBOR,GOLDEN,NW919,BALATA FT DODGE AVENGER CALIBER NISSAN,,,1462S919,BALATA TAMBOR TRASERA DODGE AVENGER - CALIBER NISSAN,Producto,
03,BALATA TAMBOR,FRICTION,NW815,BALATA FT GM COLORADO 04/08 CANYON 04/08,,,1548S815,BALATA TAMBOR TRASERA GM COLORADO 04/08 - CANYON 04/08,Producto,
03,BALATA TAMBOR,GOLDEN FRICTION,NW744,BALATA FT HONDA ODYSSEY 99/01,,,1512S744,BALATA TAMBOR TRASERA HONDA ODYSSEY 99/01,Producto,
03,BALATA TAMBOR,GOLDEN FRICTION,NW723,BALATA FT FORD F150 E150 LOBO 97/03 DODG,,,2182S723,BALATA TAMBOR TRASERA FORD F150 E150 LOBO 97/03 - DODG,Producto,
03,BALATA TAMBOR,GOLDEN,NW698,BALATA FT DODGE STRATUS CIRRUS 95/00,,,1481S698,BALATA TAMBOR TRASERAT DODGE STRATUS CIRRUS 95/00,Producto,
03,BALATA TAMBOR,GOLDEN FRICTION,NW671,BALATA FT NISSAN ALTIMA 93/99,,,1457S671,BALATA TAMBOR TRASERA NISSAN ALTIMA 93/99,Producto,
03,BALATA TAMBOR,EUROFRICCION,NW619,BALATA FT GM LUV 87/06 HONDA PASPORT 94/,,,1360S619,BALATA TAMBOR TRASERA GM LUV 87/06 -- HONDA PASPORT 94/,Producto,
03,BALATA TAMBOR,GOLDEN FRICTION,NW574,BALATA FT NISSAN D21 94/08 URVAN  FRONTI,,,1399S574,BALATA TAMBOR TRASERA NISSAN D21 94/08 URVAN  FRONTI,Producto,
03,BALATA TAMBOR,EURO,NW571,BALATA FT NISSAN PICKUP AMERICANA 89/95,,,2169S571,BALATA TAMBOR TRASERA NISSAN PICKUP AMERICANA 89/95,Producto,
03,BALATA TAMBOR,DIFORZA,NW559,BALATA FT VW JETTA A2 87/92 CARIBE 79/87,,,1354S559,BALATA TAMBOR TRASERA VW JETTA A2 87/92 - CARIBE 79/87,Producto,
03,BALATA TAMBOR,GODEN FRICTION,NW520,BALATA FT DODGE STRATUS 95/00 SHADOW 87/,,,1366S520,BALATA TAMBOR TRASERA DODGE STRATUS 95/00 - SHADOW 87/,Producto,
03,BALATA TAMBOR,EUROFRICTION,NW514,BALATA FT GM ASTRO BLAZER S10 82/03,,,2117S514,BALATA TAMBOR TRASERA GM ASTRO BLAZER S10 82/03,Producto,2117ATT
03,BALATA TAMBOR,EUROFRICTION,NW501,BALATA FT FORDTOPAZ 84/94 GHIA,,,1350S501,BALATA TAMBOR TRASERA FORDTOPAZ 84/94 GHIA,Producto,
03,BALATA TAMBOR,EUROFRICTION,NW474,BALATA FT FORD RANGER 85/94,,,2151S474,BALATA TAMBOR TRASERA FORD RANGER 85/94,Producto,2151T
03,BALATA TAMBOR,EUROFRICTION,NW406,BALATA FT NISSAN DATSUN PICKUP 80/89,,,8123S406,BALATA TAMBOR TRASERA NISSAN DATSUN PICKUP 80/89,Producto,8123
03,BALATA TAMBOR,GOLDEN FRIC,NW358,BALATA FT FORD F350 81/94 DODGE 81/94,,,2137S314 S358,BALATA TAMBOR TRASERA FORD F350 81/94 DODGE 81/94,Producto,
03,BALATA TAMBOR,EUROFRICTION,NW315,BALATA FT VW SEDAN 77/95 TRASERA,,,882S315,BALATA TAMBOR TRASERA VW SEDAN 77/95 TRASERA,Producto,nw315
03,BALATA TAMBOR,EURO FRCTION,NW269,BALATA FT VW SEDAN 77/95 DELANTERA,,,882S269,BALATA TAMBOR DELANTERA VW SEDAN 77/95 ,Producto,BS882
03,BALATA TAMBOR,FRITEC,FMS581,BALATA FT FORD AEROSTAR 91/94 EXPLORER 9,,,2089S581,BALATA FT FORD AEROSTAR 91/94 EXPLORER 9,Producto,
03,BALATA TAMBOR,BIOCERAMIC,BS882S315,BALATA FT VW SEDAN 77/95 TRASERA,,,882S315,"BALATA TAMBOR TRASERA VW SEDAN TODOS = OW882ZV 882A315",Producto,
03,BALATA TAMBOR,BIOCERAMIC,BS2174TTS670,BALATA FT JEEP CHEROKEE 94/00,,,2174S670,BALATA TAMBOR TRASERA JEEP CHEROKEE 94/00 GRAND CHEROKEE 92/94 = OW2174TTZV 2174TTS670,Producto,
03,BALATA TAMBOR,BIOCERAMIC,BS2006S280,BALATA FT GM C10 71/91 C15 70/91 PICK UP,,,2006S280,BALATA TAMBOR TRASERA CHEVROLET C10 71/75 C15 70/72 C1500 73/76 = OW2006,Producto,
03,BALATA TAMBOR,BIOCERAMIC,BS1708S1046,BALATA FT NISSAN SENTRA 13/16,,,1708S1046,BALATA TAMBOR TRASERA NISSAN SENTRA 13/14 = OW1708ZV,Producto,
03,BALATA TAMBOR,BIOCERAMIC,BS1694S1039,BALATA FT RENAULT DUSTER 13/16,,,1694S1039,BALATA TAMBOR TRASERA RENAULT TRUCK DUSTER 13/16,Producto,
03,BALATA TAMBOR,AUTOPAR,BS1694S1019,BALATA FT RENAULT DUSTER 13/16,,,1694S1019,BALATA TAMBOR TRASERA RENAULT DUSTER 13/16,Producto,
03,BALATA TAMBOR,AUTOPAR,BS1674S1004DI,BALATA FT FORD FOCUS EUROPA  12/14,,,1674S1004,BALATA TAMBOR TRASERA FORD FOCUS EUROPA  12/14,Producto,
03,BALATA TAMBOR,BIOCERAMIC,BS1643S959,BALATA FT GM COLORADO CANYON 09/11,,,1643S959,BALATA TAMBOR TRASERA CHEVROLET COLORADO 09/11 CANYON 09/11 = OW1643ZV 1643S959,Producto,7500404210904
03,BALATA TAMBOR,BIOCERAMIC,BS1629S936,BALATA FT FORD ESCAPE 07/12 MARINER 07/1,,,1629S936,BALATA TAMBOR TRASERA FORD ESCAPE 08/11 MARINER 07/11 = OW1629ZV 1629S936,Producto,
03,BALATA TAMBOR,BIOCERAMIC,BS1623S921,BALATA FT SUZUKI GRAND VITARA 06/08,,,1623S921,BALATA TAMBOR TRASERA SUZUKI GRAND VITARA 06/08 = 1623S921,Producto,7500404226325
03,BALATA TAMBOR,BIOCERAMIC,BS1618S913,BALATA FT HONDA CIVIC 06/10 FIT 09/11,,,1618S913,BALATA TAMBOR TRASERA HONDA CIVIC SEDAN 06/12 COUPE 06/10 FIT 09/11 = OW1618ZV 1618S913,Producto,
03,BALATA TAMBOR,BIOCERAMIC,BS1616S910,BALATA FT DODGE ATTITUDE 06/11,,,1616S910,BALATA TAMBOR TRASERA CHRYSLER HYUNDAI ATTITUDE 06/11 = OW1616ZV 1616S910,Producto,7500404210652
03,BALATA TAMBOR,BIOCERAMIC,BS1583S855,BALATA FT GM SILVERADO SIERRA 05/08,,,1583S855,BALATA TAMBOR TRASERA CHEVROLET C1500 K1500 05/05 SILVERADO 1500 05/08 SIERRA 1500 05/08 = OW1583ZV 1583S855,Producto,7500404210508
03,BALATA TAMBOR,BIOCERAMIC,BS1535S795,BALATA FT GM CAVALIER 03/05 HHR 06/09,,,1535S795,BALATA TAMBOR TRASERA CHEVROLET CAVALIER 03/05 HHR 06/09 MALIBU 06/08 PONTIAC SUNFIRE 03/05 = OW1535ZV,Producto,7500404210935
03,BALATA TAMBOR,BIOCERAMIC,BS1525S762,BALATA FT NISSAN SENTRA 00/03,,,1525S762,BALATA TAMBOR TRASERA NISSAN SENTRA 00/03 = 1525S762,Producto,7500404211321
03,BALATA TAMBOR,BIOCERAMIC,BS1524S760,BALATA FT FORD ESCAPE 01/07,,,1524 S760,BALATA TAMBOR TRASERA FORD ESCAPE 01/07 MERCURY MARINER 05/07 = OW1524ZV 1524S760,Producto,7500404210638
03,BALATA TAMBOR,BIOCERAMIC,BS1515S801,BALATA FT TOYOTA COROLLA 03/08 PRIUS 04/,,,1515 S801,BALATA TAMBOR TRASERA TOYOTA COROLLA 03/08 = OW1515Z2V 1515S801,Producto,
03,BALATA TAMBOR,BIOCERAMIC,BS1506S738,BALATA FT GM TRACKER 99/07 SUZUKI VITARA,,,1506S738,BALATA TAMBOR TRASERA CHEVROLET TRACKER 99/04 SUZUKI GRAND VITARA 99/05 = OW1506ZV 1506S738,Producto,7500404210928
03,BALATA TAMBOR,BIOCERAMIC,BS1500S780,BALATA FT GM EQUINOX 05/06,,,1500S780,BALATA TAMBOR TRASERA CHEVROLET EQUINOX 05/06 PONTIAC AZTEK 01/05 = OW1500ZV 1500S780,Producto,7500404211079
03,BALATA TAMBOR,BIOCERAMIC,BS1495S808,BALATA FT DODGE VERNA 03/05 ATTITUDE 06,,,1495S808,BALATA TAMBOR TRASERA CHRYSLER HYUNDAI VERNA 03/05 ATTITUDE 2006 = OW1495Z1V 1495S808,Producto,7500404210812
03,BALATA TAMBOR,DIFORZA,BS1457S671DI,BALATA FT NISSAN ALTIMA 93/99,,,1457S671,BALATA FT NISSAN ALTIMA 93/99,Producto,BBNN3250
03,BALATA TAMBOR,BIOCERAMIC,BS1452S665,BALATA FT FORD WINDSTAR 95/03 QUEST 93/0,,,1452S665,BALATA TAMBOR TRASERA FORD WINDSTAR 95/03 VILLAGER 93/03 NISSAN QUEST 93/03 = OW1452ZV 1452S665,Producto,7500404210713
03,BALATA TAMBOR,BIOCERAMIC,BS1433S631,BALATA FT NISSAN X TERRA FROINTER 98/04,,,1433 S631,BALATA TAMBOR TRASERA NISSAN D21 90/93 FRONTIER 98/04 PATHFINDER 96/04 XTERRA 00/04 = OW1433ZV 1433S631,Producto,7500404210072
03,BALATA TAMBOR,BIOCERAMIC,BS1429S627,BALATA FT HONDA ACCORD 92/06 CRV 97/03,,,1429 S627,BALATA TAMBOR TRASERA HONDA ACCORD 1992/07 CIVIC GX 03/09 HYBRID 2008 CRV 1997/01 BRV 2018 = OW1429ZV 1429S627,Producto,7500404210997
03,BALATA TAMBOR,BIOCERAMIC,BS1407S721,BALATA FT FORD ESCORT 97/02 PROBE 92/97,,,1407S721,BALATA TAMBOR TRASERA FORD ESCORT 92/02 ZX2 2003 PROBE 92/97 = 1407S721,Producto,7500404211109
03,BALATA TAMBOR,BIOCERAMIC,BS1396S618,BALATA FT FORD COUGAR TAURUS 90/97,,,1396S618,BALATA TAMBOR TRASERA FORD THUNDERBIRD COUGAR 90/97 TAURUS WAGON 93/00 SABLE WAGON 93/01,Producto,7500404211307
03,BALATA TAMBOR,BIOCERAMIC,BS1394S636,BALATA FT GM VENTURE 97/04 CUTLASS 93/96,,,1394S636,BALATA TAMBOR TRASERA CHEVROLET VENTURE 97/04 CENTURY 96/02 CUTLASS 93/96 LUMINA 94/01 = OW1394ZR 1394S636,Producto,7500404210782
03,BALATA TAMBOR,BIOCERAMIC,BS1379S707,BALATA FT DODGE ATOS 00/06,,,1379S707,BALATA TAMBOR TRASERA CHRYSLER HYUNDAI ATOS 00/06 = OW1379ZVK 1379S707,Producto,7500404210522
03,BALATA TAMBOR,BIOCERAMIC,BS1365S519,BALATA FT DODGE NEON 95/05 SWADOW 87/94,,,1365S519,BALATA TAMBOR TRASERA CHRYSLER NEON 95/05 SHADOW 87/94 K 83/88 = OW1365ZV,Producto,bs 1365's519
03,BALATA TAMBOR,BIOCERAMIC,BS1364S576,BALATA FT HONDA CIVIC 01/05 FIT 08,,,1364S576,BALATA TAMBOR TRASERA HONDA CIVIC 94/05 FIT 2008 = OW1364ZV 1364S576,Producto,7500404210768
03,BALATA TAMBOR,BIOCERAMIC,BS1360S619,BALATA FT GM LUV 81/06 HONDA PASPORT 94/,,,1360S619,BALATA TAMBOR TRASERA CHEVROLET LUV 81/03 PASSPORT 94/98 AMIGO 90/94 RODEO 91/98 = OW1360ZV 1360S619,Producto,
03,BALATA TAMBOR,BIOCERAMIC,BS0022S022,BALATA FT TOYOTA TACOMA 00/02 4RUNNER 90,,,1Y9S589,BALATA TAMBOR TRASERA TOYOTA TACOMA 00/02 4RUNNER 1990/1991 HIACE PASAJEROS 13/14 T100 1993/1998 TACOMA 1995/1998 = OW1Y97ZV,Producto,7500404215138
03,BALATA TAMBOR,BIOCERAMIC,BS0021S021,BALATA FT DODGE HYUNDAI I10,,,1706S1044 1X89,BALATA TAMBOR TRASERA CHRYSLER HYUNDAI I10 2012 = OW1X89ZV,Producto,bs 0021's021
03,BALATA TAMBOR,BIOCERAMIC,BS0017S017,BALATA FT PEUGEOT GRAND RAID 08/11 PARTN,,,1698S1032 1Y19,BALATA TAMBOR TRASERA PEUGEOT GRAND RAID 08/11 PARTNER 07/10 = OW1Y19ZV,Producto,bs 0017's017
03,BALATA TAMBOR,BIOCERAMIC,BS0016S016,BALATA FT NISSAN MARCH 11/16 VERSA 12/16,,,1689S1020 16X4,BALATA TAMBOR TRASERA NISSAN MARCH 11/12 VERSA 1.6 LTS 2012 = OW16X4ZV,Producto,7500404211000
03,BALATA TAMBOR,AUTOPAR,BS0015S015,BALATA FT DODGE H100 VAN 2010,,,1673S1003 1X44,BALATA TAMBOR TRASERA CHRYSLER HYUNDAI H100 VAN 2010 ANTES OW1X44ZV = BS0015S015,Producto,7500404210966
03,BALATA TAMBOR,BIOCERAMIC,BS0013S013,BALATA FT NISSAN APRIO 07/08,,,FT032 14Y8,BALATA TAMBOR TRASERA NISSAN APRIO 07/08 = OW14Y8ZV,Producto,
03,BALATA TAMBOR,BIOCERAMIC,BS0011S011,BALATA FT PEUGEOT 206 03/07,,,1633S942,BALATA TAMBOR TRASERA PEUGEOT 206 03/07 = OW1Y16ZV,Producto,7500404210867
03,BALATA TAMBOR,BIOCERAMIC,BS0008S008,BALATA FT DODGE HYUNDAI H100 VAN 08/11,,,FT042 1X34,BALATA TAMBOR TRASERA CHRYSLER HYUNDAI H100 08/11 = OW1X34ZV,Producto,7500404210690
03,BALATA TAMBOR,BIOCERAMIC,BS0006S006,BALATA FT VW JETTA BICENTENARIO 08/15,,,1670S999 13Y5,BALATA TAMBOR TRASERA VW JETTA BICENTENARIO 2011 CITY EUROPA 08/10 SAVEIRO 2010 = OW13Y5ZV,Producto,7500404210546
03,BALATA TAMBOR,RAIBESTOS,BIO1681S1012,BALATA FT TOYOTA HILUX 07/10,,,1681S1012 BS0020S020,"BALATA TAMBOR TRASERA TOYOTA HILUX 07/10 = BS0020S020 OW1681ZV 1681S1012SM",Producto,
03,BALATA TAMBOR,DIFORZA,BDNC1750,BALATA FT GM OPTRA 06/10,,,,BALATA TAMBOR TRASERA GM OPTRA 06/10,Producto,
03,BALATA TAMBOR,DIFORZA,BBNY0350,BALATA FT SUZUKI SWIFT 08/16,,,FT060 1Y25),BALATA TAMBOR TRASERA SUZUKI SWIFT 08/16,Producto,1Y25
03,BALATA TAMBOR,DIFORZA,BBNY0250,BALATA FT SUZUKI AEREO 02/09,,,1461S630,BALATA TAMBOR TRASERA SUZUKI AEREO 02/09,Producto,BS1461
03,BALATA TAMBOR,DIFORZA,BBNR0260,BALATA FT RENAULT SANDERO ESCALA 10/,,,1727 FT031 1Y20,BALATA TAMBOR TRASERA RENAULT SANDERO ESCALA 10/,Producto,1Y20
03,BALATA TAMBOR,DIFORZA,BBNC3060,BALATA FT GM CAVALIER 03/05 HHR 06/09,,,1535S795,BALATA TAMBOR TRASERA GM CAVALIER 03/05 - HHR 06/09,Producto,BS1535
03,BALATA TAMBOR,DIFORZA,BBNC0950,BALATA FT GM SONIC 12/16,,,1480S814 15Y7,BALATA TAMBOR TRASERA GM SONIC 12/16,Producto,bbnc0950
03,BALATA TAMBOR,NIKKO,96FB2200AAE,BALATA FT FORD IKON FIESTA 01/09 KA 01/0,,,2209S10001X81,BALATA TAMBOR TRASERA FORD IKON FIESTA 01/09 - KA 01/0,Producto,001572102008
03,BALATA TAMBOR,AC DELCO,94564513,BALATA FT GM AVEO 08/18 SPARK 11/14 G3 0,,,1547S814,BALATA  TAMBOR TRASERA GM AVEO 08/18 - SPARK 11/14 - G3 0,Producto,
03,BALATA TAMBOR,NIKKO,90421796EG,BALATA FT GM CHEVY 95/11 CORSA 02/11,,,1665S994 13X0,BALATA  TAMBOR TRASERA GM CHEVY 95/11 - CORSA 02/11,Producto,001584102008
03,BALATA TAMBOR,RAYBESTOS,8000SB334SM,BALATA FT GM CHEVY 95/11 CORSA 02/11,,,1665S994 13X0,BALATA TAMBOR TRASERA CHEVROLET CHEVY C2 SEDAN 04/12 JOY 95/03 MONZA 97/03 POP 96/03 SWING 94/03 CORSA 02/11,Producto,
03,BALATA TAMBOR,SFT,5830502A00SFT,BALATA FT DODGE ATOS 00/06,,,1379S707,BALATA TAMBOR TRASERA DODGE ATOS 00/06,Producto,
03,BALATA TAMBOR,NIKKO,44060A03R0,BALATA FT NISSAN TSURU I 85/87 TSURU II,,,1373S532,BALATA TAMBOR TRASERA NISSAN TSURU I 85/87 - TSURU II,Producto,001628052018
03,BALATA TAMBOR,NIKKO,4406000QACSFT,BALATA FT NISSAN APRIO 07/08,,,FT032 BS0013,BALATA TAMBOR TRASERA NISSAN APRIO 07/08,Producto,
03,BALATA TAMBOR,,3211077,PLATO PORTA BALATAS D350 F350 92/06,,,,PLATO PORTA BALATAS FORD D350 F350 92/06,Producto,
03,BALATA TAMBOR,,3210639AR,PLATO PORTABALATA DERECHO FORD F350,,,,PLATO PORTABALATA DERECHO FORD F350,Producto,
03,BALATA TAMBOR,,3210638ARL,PLATO PORTABALATA IZQUIERDO FORD F350,,,,PLATO PORTABALATA IZQUIERDO FORD F350,Producto,
03,BALATA TAMBOR,RAYBESTOS,2210TS1036SM,BALATA FT FORD RANGER ARGENTINA 06/12,,,2210S1036,BALATA TAMBOR TRASERA FORD RANGER ARGENTINA 10/12,Producto,
03,BALATA TAMBOR,RAYBESTOS,2209S1037SM,BALATA FT FORD FIESTA IKON 12/15,,,2209S1037,BALATA TAMBOR TRASERA FORD FIESTA IKON HATCHBACK 12/15 = OW2209ZV,Producto,
03,BALATA TAMBOR,RAYBESTOS,2209S1000SM,BALATA FT FORD IKON FIESTA 01/09 KA 01/0,,,2209S1000 1X81,BALATA TAMBOR TRASERA FORD FIESTA IKON 01/07 = BS0005S005,Producto,
03,BALATA TAMBOR,RAYBESTOS,2182TTS723SM,BALATA FT FORD F150 E150 LOBO 97/03 DODG,,,2182S723,BALATA TAMBOR TRASERA FORD ECONOLINE E150 97/05 ECONOLINE WAGON E150 99/05 LOBO 150 97/01 LOBO 250 99/01 = OW2182TTZV,Producto,801678107561
03,BALATA TAMBOR,SFT,2182S723SFT,BALATA FT FORD F150 E150 LOBO 97/03 DODG,,,2182S723,BALATA TAMBOR TRASERA FORD F150 97/03 - E150 97/03 - LOBO 97/03 DODG,Producto,
03,BALATA TAMBOR,RAYBESTOS,2180TS704SM,BALATA FT RANGER B2500 B3000 95/14 9 PUL,,,2180S704,BALATA TAMBOR TRASERA FORD RANGER 95/14 9 PULGADAS MAZDA B2500 1998 B3000 95/98 B4000 95/98 = OW2180TZV,Producto,
03,BALATA TAMBOR,RAYBESTOS,2171T583SM,BALATA FT FORD F350 95/98 DODGE RAM 3500,,,2171S583,BALATA TAMBOR TRASERA CHRYSLER RAM 2500 00/03 RAM VAN 3500 98/02 FORD CLUB WAGON E350 95/98 = OW2171TZR BS2171TS583,Producto,
03,BALATA TAMBOR,RAYBESTOS,2168T538SM,BALATA FT DODGE VOYAGER CARAVAN 89/95,,,2168S538,BALATA TAMBOR TRASERA CHRYSLER GRAND VOYAGER 91/96 TOWN & COUNTRY 93/95 VOYAGER 94/96 CARAVAN 91/93 = OW2168TZV BS2168TS538,Producto,
03,BALATA TAMBOR,RAYBESTOS,2165T552,BALATA FT GM CELEBRETY 82/89 CUTLASS 87/,,,2165S552,BALATA TAMBOR TRASERA GM CELEBRITY 82/89 - CUTLASS 87/92 - CUTLASS EUROSPORT 87/92 = BS2165TS552,Producto,
03,BALATA TAMBOR,RAYBESTOS,2164S719SM,BALATA FT GM CAVALIER 95/02 SUNFIRE 95/0,,,2164S553,BALATA TAMBOR TRASERA CHEVROLET CAVALIER 95/02 PONTIAC SUNFIRE 97/02 = OW2164Z1R,Producto,801678107943
03,BALATA TAMBOR,RAYBESTOS,2141AT582SM,BALATA FT FORD F150 E150 87/96 BRONCO,,,2141S582,BALATA TAMBOR TRASERA FORD F150 87/98 = OW2141ATZR BS2141ATS582,Producto,801678107851
03,BALATA TAMBOR,RAYBESTOS,2134BTTS652,BALATA FT DODGE RAM 1500 95/99,,,2134S652,BALATA TAMBOR TRASERA DODGE RAM 1500 95/99 -- GM JIMMY 1997 -- CADILLAC BRAVADA 1997 = OW2134BTTZR,Producto,
03,BALATA TAMBOR,RAYBESTOS,2117ATT514SM,BALATA FT GM ASTRO BLAZER S10 82/03,,,2117S514,BALATA TAMBOR TRASERA CHEVROLET MALIBU 73/75 MALIBU 79/81 S10 95/97 = OW2117ATTZR BS2117ATTS514,Producto,801678107929
03,BALATA TAMBOR,RAYBESTOS,2089AT581SM,BALATA FT FORD AEROSTAR 91/94 EXPLORER 9,,,2089S581,BALATA TAMBOR TRASERA FORD AEROSTAR 91/95 EXPLORER 91/93 = OW2089ATZ1V BS2089ATS581,Producto,801678107936
03,BALATA TAMBOR,RAYBESTOS,2080TT264SM,BALATA FT FORD F150 F250 70/91 DODGE RAM,,,2080S264,BALATA TAMBOR TRASERA CHRYSLER RAM 1500 94/00 FORD F100 70/79 F200 87/91 = OW2080TTZR,Producto,801678107745
03,BALATA TAMBOR,RAYBESTOS,2073T473SM,BALATA FT GM C1500 94/99 SUBURBAN 92/98,,,2073S473,BALATA TAMBOR TRASERA CHEVROLET C10 78/81 SUBURBAN 92/95 = OW2073TZR BS2073TS473,Producto,
03,BALATA TAMBOR,RAYBESTOS,1742S1096SM,BALATA FT NISSAN NP300 FRONTIER 16/19,,,1742S1096 1X36,BALATA TAMBOR TRASERA NISSAN NP300 FRONTIER 15/19,Producto,
03,BALATA TAMBOR,RAYBESTOS,1709S1049SM,BALATA FT FORD RANGER 13/17,,,1709S1049SM,BALATA TAMBOR TRASERA FORD RANGER 13/17 = OW1709ZV,Producto,
03,BALATA TAMBOR,RAYBESTOS,1644S960SM,BALATA FT GM SILVERADO 1500 CANYON 09/11,,,1644S960,BALATA TAMBOR TRASERA CHEVROLET SILVERADO 1500 09/11 SIERRA 09/11 SIERRA DENALI 09/11 = OW1644ZV BS1644S960,Producto,
03,BALATA TAMBOR,RAYBESTOS,1640S952SM,BALATA FT FORD E150 E250 3500,,,1640S952,BALATA TAMBOR TRASERA FORD E150 E250 08/14 E350 E450 SUPER DUTY 08/15 NISSAN NV1500 NV2500 NV3500 12/15,Producto,
03,BALATA TAMBOR,RAYBESTOS,1624S924SM,BALATA FT NISSAN TIIDA 06/12 LANCER 08/0,,,1624S924,BALATA TAMBOR TRASERA NISSAN TIIDA HATCH BACK 07/09 TIIDA SEDAN 07/09 MITSUBISHI LANCER DE 08/09 CHRYSLER ATTITUDE 2015 = OW1624ZV BS1624S924,Producto,
03,BALATA TAMBOR,RAYBESTOS,1621S917SM,BALATA FT TOYOTA YARIS 07/12,,,1621S917,BALATA TAMBOR TRASERA TOYOTA YARIS 07/12 = OW1621ZV BS1621S917,Producto,
03,BALATA TAMBOR,RAYBESTOS,1583S855SM,BALATA FT GM SILVERADO SIERRA 05/08,,,1583S855,"BALATA TAMBOR TRASERA GM SILVERADO 1500 PICK UP 1500 GM SIERRA 05/06 = OW1583ZV BS1583S855",Producto,
03,BALATA TAMBOR,RAYBESTOS,1582S853SM,BALATA FT DODGE DAKOTA 05/08,,,1582S853,BALATA TAMBOR TRASERA CHRYSLER DAKOTA 05/08,Producto,
03,BALATA TAMBOR,RAYBESTOS,1548S815SM,BALATA FT GM COLORADO 04/08 CANYON 04/08,,,1548S815,BALATA TAMBOR TRASERO CHEVROLET COLORADO 04/08 GMC CANYON 07/08,Producto,
03,BALATA TAMBOR,RAYBESTOS,1547S814SM,BALATA FT GM AVEO 08/18 SPARK 11/14 G3 0,,,1547S814,BALATA TAMBOR TRASERA GM AVEO08 - SPARK 11 -- PONTIAC G3 - SEDAN 2006 = OW1547ZV BS1547S814,Producto,
03,BALATA TAMBOR,NIKKO,1547S814SFT,BALATA FT GM AVEO 08/18 SPARK 11/14 G3,,,1547S814,BALATA  TAMBOR TRASERA GM AVEO 08/18 - SPARK 11/14 G3,Producto,
03,BALATA TAMBOR,FRICRAFT,1542S810,BALATA FT DODGE PT CRUISER 04/09 VW VENT,,,1542S810,BALATA TRASERA FRICRAFT VOLKSWAGEN VENTO 14/ CHRYSLER PT CRUISER 04/09 = 1542810SM,Producto,
03,BALATA TAMBOR,RAYBESTOS,1528S778SM,BALATA FT MITSUBISHI LANCER 04/07,,,1528S778,BALATA TAMBOR TRASERA MITSUBISHI LANCER 04/07,Producto,
03,BALATA TAMBOR,RAYBESTOS,1525S779SM,BALATA FT NISSAN SENTRA 02/06,,,1525S779,BALATA TAMBOR TRASERA NISSAN SENTRA XE GXE 02/06 SENTRA 2007 = OW1525ZV BS1525S779,Producto,
03,BALATA TAMBOR,RAYBESTOS,1525S762SM,BALATA FT NISSAN SENTRA 00/03,,,1525S762,BALATA TAMBOR TRASERA NISSAN SENTRA GST GSX 00/01 = BS1525S762,Producto,
03,BALATA TAMBOR,RAYBESTOS,1524S760SM,BALATA FT FORD ESCAPE 01/07,,,1524S760,"BALATA TAMBOR TRASERA FORD ESCAPE 01/07 = OW1524ZV BS1524S760",Producto,
03,BALATA TAMBOR,RAYBESTOS,1517S752SM,BALATA FT FORD F150 94/04 F250 FRENO MAN,,,1517S752,BALATA TAMBOR TRASERA FORD F150 94/04 F250 94/97 = OW1517ZV,Producto,
03,BALATA TAMBOR,RAYBESTOS,1516S751SM,BALATA FT GM TORNADO 04/14 MERIVA 04/09,,,1516S751,BALATA TAMBOR TRASERA CHEVROLET ASTRA 1.8 LTS 00/03 ASTRA 2.0 LTS 04/06 MERIVA 04/08 TORNADO 05/07 = OW1516ZV BS1516S751,Producto,
03,BALATA TAMBOR,RAYBESTOS,1515S801SM,BALATA FT TOYOTA COROLLA 03/08,,,1515S801,BALATA TAMBOR TRASERA TOYOTA COROLLA 03/08 = OW1515Z2V BS1515S801,Producto,
03,BALATA TAMBOR,RAYBESTOS,1513S747SM,BALATA FT FORD FOCUS 00/06,,,1513S747,BALATA TAMBOR TRASERA FORD FOCUS 00/06 FOCUS 2009 = OW1513ZV BS1513S747,Producto,
03,BALATA TAMBOR,RAYBESTOS,1512S744,BALATA FT HONDA ODYSSEY 99/01,,,1512S744,BALATA TAMBOR TRASERA HONDA ODYSSEY 99/01,Producto,801678108421
03,BALATA TAMBOR,RAYBESTOS,1506S738SM,BALATA FT GM TRACKER 99/07 SUZUKI VITARA,,,1506S738,"BALATA TAMBOR TRASERA GM TRACKER 99/07 SUZUKI GRAND VITARA 99/07 = OW1506ZV BS1506S738",Producto,
03,BALATA TAMBOR,WARNER,1504S736SM,BALATA FT FORD COURIER 99/08 CONTOUR MYS,,,1504S736,BALATA TAMBOR TRASERA FORD COUNTOUR 99/00 - COURIER 99/08 = OW1504ZV BS1504S736,Producto,
03,BALATA TAMBOR,RAYBESTOS,1500S780SM,BALATA FT GM EQUINOX 05/06,,,1500S780,"BALATA TAMBOR TRASERA TRASERA GM EQUINOX 05/06 = OW1500ZV BS1500S780",Producto,
03,BALATA TAMBOR,RAYBESTOS,1495S808SM,BALATA FT DODGE VERNA 03/05 ATTITUDE 06,,,1495S808,BALATA TAMBOR TRASERA DODGE ATTITUDE 07 -- HYUNDAI VERNA 05 = OW1495Z1V BS1495S808,Producto,
03,BALATA TAMBOR,RAYBESTOS,1485ATTS714SM,BALATA FT DODGE CARAVAN VOYAGER 96/05,,,1485S714,BALATA TAMBOR TRASERA CHRYSLER CARAVAN GRAND CARAVAN 96/05 GRAND VOYAGER 96/00 VOYAGER 96/06 = OW1485ATTZ1R OW1485ATTZ1V BS1485ATTS714,Producto,
03,BALATA TAMBOR,RAYBESTOS,1481S716SM,BALATA FT DODGE STRATUS CIRRUS 95/00,,,1481S716,BALATA TAMBOR TRASERA CHRYSLER STRATUS 96/00 = BS1481S716,Producto,
03,BALATA TAMBOR,RAYBESTOS,1479S696SM,BALATA FT FORD CONTOUR 95/00 MYSTIQUE 95,,,1479S696,BALATA TAMBOR TRASERA MERCURY MYSTIQUE 95/00 FORD CONTOUR 96/97 CONTOUR 4 CIL 98/00 = OW1479ZV BS1479S696,Producto,
03,BALATA TAMBOR,RAYBESTOS,1463S678SM,BALATA FT FORD ESCORT 93/97,,,1463S678,BALATA TAMBOR TRASERA FORD ESCORT 93/96,Producto,
03,BALATA TAMBOR,RAYBESTOS,1452S665SM,BALATA FT FORD WINDSTAR 95/03 QUEST 93/0,,,1452S665,BALATA TAMBOR TRASERA FORD WINDSTAR 96/03 NISSAN QUEST 93/02 = OW1452ZV BS1452S665,Producto,
03,BALATA TAMBOR,RAYBESTOS,1450S662SM,BALATA FT VW JETTA A3 93/99 POINTER DERB,,,1450S662,BALATA TAMBOR TRASERA VW DERBY 95/09 GOL GT SEDAN 2009 GOLF A3 93/99 JETTA A3 93/99 LUPO 05/09 POINTER 00/09 = OW1450ZV BS1450S662,Producto,801678107387
03,BALATA TAMBOR,RAYBESTOS,1447587,BALATA FT TOYOTA CAMRY 02/06,,,1447S587,BALATA TAMBOR TRASERA TOYOTA CAMRY 02/06,Producto,801678108544
03,BALATA TAMBOR,RAYBESTOS,1444S657SM,BALATA FT DODGE LEBARON 92/95,,,1444S657SM,"BALATA TAMBOR TRASERADODGE SPIRIT 90/95",Producto,
03,BALATA TAMBOR,RAYBESTOS,1438S638SM,BALATA FT NISSAN TSURU III 92/17,,,1438S638,BALATA TAMBOR TRASERA NISSAN TSURU II 1992 - TSURU GS 93/12 - LUCINO GSE 96/98 - SENTRA GST / GSX 96/98 = OW1438ZV BS1438S638,Producto,801678107370
03,BALATA TAMBOR,RAYBESTOS,1429S627SM,BALATA FT HONDA ACCORD 92/06 CRV 97/03,,,1429 S627,"BALATA TAMBOR TRASERA HONDA ACCORD 92/06 CRV 97/03 CIVIC 97/03 = OW1429ZV BS1429S627",Producto,
03,BALATA TAMBOR,RAYBESTOS,1407S721SM,BALATA FT FORD ESCORT 97/02 PROBE 92/97,,,1407S721,BALATA TAMBOR TRASERA FORD ESCORT 92/02 PROBE 92/97 = BS1407S721,Producto,
03,BALATA TAMBOR,RAYBESTOS,1404AS675SM,BALATA FT GM SILVERADO C1500 88/99,,,1404S675,BALATA TAMBOR TRASERA CHEVROLET BLAZER NEVADA 92/94 C1500 94/99 SILVERADO 95/99 = OW1404AZ1R BS1404AS675,Producto,
03,BALATA TAMBOR,RAYBESTOS,1399574SM,BALATA FT NISSAN D21 94/08 URVAN  FRONTI,,,1399S574,BALATA TAMBOR TRASERA NISSAN D21 ESTAQUITAS 94/08 D21 PICK UP 94/08 URVAN 00/09 URVAN DIESEL 08/10 XTERRA 00/07 = OW1399ZV BS1399S574,Producto,801678107455
03,BALATA TAMBOR,RAYBESTOS,1373532SM,BALATA FT NISSAN TSURU I 85/87 TSURU II,,,1373S532,BALATA TAMBOR TRASERA NISSAN HIKARI SAMURAI 84/86 TSURU I  85/87 TSURU II 88/92 = OW1373ZV BS1373S532,Producto,801678107493
03,BALATA TAMBOR,RAYBESTOS,1366520SM,BALATA FT DODGE NEON 95/05 SWADOW 87/94,,,1366S520,BALATA TAMBOR TRASERA DODGE DART K 84/88 - SHADOW 89/92 - STRATUS 95/00 = OW1366ZV,Producto,
03,BALATA TAMBOR,NIKKO,1364S576NIKKO,BALATA FT HONDA CIVIC 01/05 FIT 08,,,1364S576,BALATA TAMBOR TRASERA HONDA CIVIC 94/05 - FIT 2008 = BS1364S576 OW1364ZV 1364576SM,Producto,700328082010
03,BALATA TAMBOR,RAYBESTOS,1364S576,BALATA FT HONDA CIVIC 01/05 FIT 08,,,1364S576,BALATA TAMBOR TRASERA HONDA CIVIC 94/05 - FIT 2008 = BS1364S576 OW1364ZV 1364576SM,Producto,
03,BALATA TAMBOR,RAYBESTOS,1358S804SM,BALATA FT TOYOTA HIACE 06/18,,,1358S804,BALATA TAMBOR TRASERA TOYOTA HIACE 06/13 TACOMA SR5 06 TACOMA TRD SPORT 2006 = OW1358Z1V BS1358S804,Producto,
03,BALATA TAMBOR,RAYBESTOS,1358505SM,BALATA FT TOYOTA TACOMA PICKUP 84/93,,,1358S505,BALATA TAMBOR TRASERA TOYOTA PICK UP 78/83 PICK UP 84/93 4X2 PICK UP 4X4 6 CIL 1988 = OW1358ZV BS1358S505,Producto,
03,BALATA TAMBOR,RAYBESTOS,1354559SM,BALATA FT VW JETTA A2 87/92 CARIBE 79/87,,,1354S559,BALATA TAMBOR TRASERA VW ATLANTIC 81/87 CARIBE 79/87 CARIBE GT 84/86 GOLF A2 87/92 JETTA A2 87/92 = OW1354ZR BS1354S559,Producto,
